
==========
== CUDA ==
==========

CUDA Version 12.8.1

Container image Copyright (c) 2016-2023, NVIDIA CORPORATION & AFFILIATES. All rights reserved.

This container image and its contents are governed by the NVIDIA Deep Learning Container License.
By pulling and using the container, you accept the terms and conditions of this license:
https://developer.nvidia.com/ngc/nvidia-deep-learning-container-license

A copy of this license is made available in this container at /NGC-DL-CONTAINER-LICENSE for your convenience.

2026-09-10 21:06:34,561	INFO usage_lib.py:448 -- Usage stats collection is disabled.
2026-09-10 21:06:34,561	INFO scripts.py:1042 -- [37mLocal node IP[39m: [1m172.29.150.182[22m
2026-09-10 21:06:39,409	SUCC scripts.py:1081 -- [32m--------------------[39m
2026-09-10 21:06:39,410	SUCC scripts.py:1082 -- [32mRay runtime started.[39m
2026-09-10 21:06:39,410	SUCC scripts.py:1083 -- [32m--------------------[39m
2026-09-10 21:06:39,410	INFO scripts.py:1085 -- [36mNext steps[39m
2026-09-10 21:06:39,411	INFO cli_output_helpers.py:16 -- [2mNote: The following commands are intended for use on[22m
2026-09-10 21:06:39,411	INFO cli_output_helpers.py:17 -- [2mthe head node or within the cluster network.[22m
2026-09-10 21:06:39,411	INFO scripts.py:1089 -- To add another node to this Ray cluster, run
2026-09-10 21:06:39,411	INFO scripts.py:1092 -- [1m  ray start --address='172.29.150.182:6379'[22m
2026-09-10 21:06:39,411	INFO scripts.py:1103 -- To connect to this Ray cluster:
2026-09-10 21:06:39,411	INFO scripts.py:1105 -- [35mimport[39m[26m ray
2026-09-10 21:06:39,412	INFO scripts.py:1106 -- ray[35m.[39m[26minit()
2026-09-10 21:06:39,412	INFO scripts.py:1139 -- To terminate the Ray runtime, run
2026-09-10 21:06:39,412	INFO scripts.py:1140 -- [1m  ray stop[22m
2026-09-10 21:06:39,412	INFO scripts.py:1143 -- To view the status of the cluster, use
2026-09-10 21:06:39,412	INFO scripts.py:1144 --   [1mray status[22m[26m

No cluster status. It may take a few seconds for the Ray internal services to start up.
WARNING: All log messages before absl::InitializeLog() is called are written to STDERR
I0000 00:00:1789074412.501056     511 port.cc:153] oneDNN custom operations are on. You may see slightly different numerical results due to floating-point round-off errors from different computation orders. To turn them off, set the environment variable `TF_ENABLE_ONEDNN_OPTS=0`.
I0000 00:00:1789074412.575946     511 cpu_feature_guard.cc:227] This TensorFlow binary is optimized to use available CPU instructions in performance-critical operations.
To enable the following instructions: AVX2 AVX512F AVX512_VNNI AVX512_BF16 AVX512_FP16 AVX_VNNI FMA, in other operations, rebuild TensorFlow with the appropriate compiler flags.
WARNING: All log messages before absl::InitializeLog() is called are written to STDERR
I0000 00:00:1789074418.643331     511 port.cc:153] oneDNN custom operations are on. You may see slightly different numerical results due to floating-point round-off errors from different computation orders. To turn them off, set the environment variable `TF_ENABLE_ONEDNN_OPTS=0`.
/opt/RLinf/.venv/lib/python3.11/site-packages/hydra/_internal/defaults_list.py:251: UserWarning: In 'maniskill_rlt_stage2_ac_mlp': Defaults list is missing `_self_`. See https://hydra.cc/docs/1.2/upgrades/1.0_to_1.1/default_composition_order for more information
  warnings.warn(msg, UserWarning)
/opt/RLinf/.venv/lib/python3.11/site-packages/hydra/_internal/hydra.py:119: UserWarning: Future Hydra versions will no longer change working directory at job runtime by default.
See https://hydra.cc/docs/1.2/upgrades/1.1_to_1.2/changes_to_job_working_dir/ for more information.
  ret = run_job(
2026-09-10 21:07:04,540	INFO worker.py:1833 -- Connecting to existing Ray cluster at address: 172.29.150.182:6379...
2026-09-10 21:07:04,562	INFO worker.py:2024 -- Connected to Ray cluster.
[INFO 21:07:07 RLinf] RLinf is running on a cluster with 1 node and 1 accelerator. The nodes' details are: 
node_labels: []
node_rank: 0
ray_id: c42d7c5a49f905f4ea4e9d8c86ae916d6ab81dcee95c42462fde8a16
node_ip: 172.29.150.182
num_cpus: 16
python_interpreter_path: /opt/RLinf/.venv/bin/python
hardware_resources:
- type: Accelerator
  infos:
  - type: Accelerator
    model: NV_GPU:H100 PCIe
profiler_backends: []

Node groups' details are: 
label: cluster
nodes: '0'
hardware_type: Accelerator
ignore_hardware: false
env_configs: null

label: node
nodes: '0'
hardware_type: null
ignore_hardware: true
env_configs: null

[36m(_RemoteNodeProbe pid=675)[0m /opt/RLinf/rlinf/scheduler/cluster/node.py:532: UserWarning: Python interpreter used to launch Ray on node with IP 172.29.150.182 is different from that on the head node /opt/RLinf/.venv/bin/python. Keep using the current interpreter /opt/RLinf/.venv/bin/python3 on this node.
[36m(_RemoteNodeProbe pid=675)[0m   warnings.warn(
[INFO 21:07:07 FlexiblePlacementStrategy] 
[INFO 21:07:07 FlexiblePlacementStrategy] Using flexible placement with hardware ranks: [[0]], node groups: ['cluster'].
[INFO 21:07:07 FlexiblePlacementStrategy] 
[INFO 21:07:07 FlexiblePlacementStrategy] Using flexible placement with hardware ranks: [[0]], node groups: ['cluster'].
[INFO 21:07:07 FlexiblePlacementStrategy] 
[INFO 21:07:07 FlexiblePlacementStrategy] Using flexible placement with hardware ranks: [[0]], node groups: ['cluster'].
[INFO 21:07:07 FlexiblePlacementStrategy] 
[INFO 21:07:07 FlexiblePlacementStrategy] Using flexible placement with hardware ranks: [[0]], node groups: ['cluster'].
[INFO 21:07:07 FlexiblePlacementStrategy] 
[INFO 21:07:07 FlexiblePlacementStrategy] Using flexible placement with hardware ranks: [[0]], node groups: ['cluster'].
[INFO 21:07:07 FlexiblePlacementStrategy] 
[INFO 21:07:07 FlexiblePlacementStrategy] Using flexible placement with hardware ranks: [[0]], node groups: ['cluster'].
{
  "env": {
    "train": {
      "env_type": "maniskill_rlt",
      "total_num_envs": 16,
      "wrap_obs_mode": "rlt_openpi_joint",
      "use_full_state": false,
      "auto_reset": false,
      "ignore_terminations": false,
      "use_rel_reward": false,
      "reward_mode": "only_success",
      "seed": 2026,
      "group_size": 1,
      "use_fixed_reset_state_ids": false,
      "max_steps_per_rollout_epoch": 500,
      "max_episode_steps": 500,
      "rlt_policy_switch": {
        "enable": true,
        "task_mode": "full_task",
        "trigger_mode": "auto",
        "latch_until_done": true,
        "auto_gate": {
          "require_grasp": true,
          "require_not_success": true,
          "near_hole_x_min": -0.16,
          "near_hole_yz_margin": 1.5,
          "fallback_hole_radius": 0.03
        },
        "expert_takeover": {
          "enable": false,
          "trigger_mode": "stalled_progress",
          "gate": {
            "require_grasp": true,
            "require_not_success": true,
            "near_hole_x_min": -0.1,
            "near_hole_yz_margin": 2.0,
            "stuck_chunks_before_takeover": 3,
            "min_x_progress": 0.003,
            "min_yz_progress": 0.0015,
            "min_score_progress": 0.002,
            "progress_yz_weight": 1.0,
            "fallback_hole_radius": 0.03
          }
        }
      },
      "video_cfg": {
        "save_video": false,
        "info_on_video": true,
        "fps": 10,
        "record_every": 1,
        "video_base_dir": "/workspace/results/d1/f2-h100-pcie-control-seed2026-attempt7/video/train"
      },
      "enable_offload": false,
      "init_params": {
        "id": "PegInsertionSideWideClearance-v1",
        "num_envs": null,
        "obs_mode": "rgb",
        "control_mode": "pd_joint_delta_pos",
        "sim_backend": "cpu",
        "reward_mode": "sparse",
        "sim_config": {
          "sim_freq": 100,
          "control_freq": 10
        },
        "max_episode_steps": 500,
        "sensor_configs": {
          "shader_pack": "default",
          "width": 384,
          "height": 384
        },
        "render_mode": "all",
        "render_backend": "pci:0000:00:00.0"
      },
      "rollout_epoch": 4,
      "action_dim": 8,
      "num_action_chunks": 10,
      "ref_num_action_chunks": 10
    },
    "eval": {
      "env_type": "maniskill_rlt",
      "total_num_envs": 16,
      "wrap_obs_mode": "rlt_openpi_joint",
      "use_full_state": false,
      "auto_reset": false,
      "ignore_terminations": false,
      "use_rel_reward": false,
      "reward_mode": "only_success",
      "seed": 2026,
      "group_size": 1,
      "use_fixed_reset_state_ids": true,
      "max_steps_per_rollout_epoch": 500,
      "max_episode_steps": 500,
      "rlt_policy_switch": {
        "enable": true,
        "task_mode": "full_task",
        "trigger_mode": "auto",
        "latch_until_done": true,
        "auto_gate": {
          "require_grasp": true,
          "require_not_success": true,
          "near_hole_x_min": -0.16,
          "near_hole_yz_margin": 1.5,
          "fallback_hole_radius": 0.03
        },
        "expert_takeover": {
          "enable": false,
          "trigger_mode": "stalled_progress",
          "gate": {
            "require_grasp": true,
            "require_not_success": true,
            "near_hole_x_min": -0.1,
            "near_hole_yz_margin": 2.0,
            "stuck_chunks_before_takeover": 3,
            "min_x_progress": 0.003,
            "min_yz_progress": 0.0015,
            "min_score_progress": 0.002,
            "progress_yz_weight": 1.0,
            "fallback_hole_radius": 0.03
          }
        }
      },
      "video_cfg": {
        "save_video": false,
        "info_on_video": true,
        "fps": 10,
        "record_every": 1,
        "video_base_dir": "/workspace/results/d1/f2-h100-pcie-control-seed2026-attempt7/video/eval"
      },
      "enable_offload": false,
      "init_params": {
        "id": "PegInsertionSideWideClearance-v1",
        "num_envs": null,
        "obs_mode": "rgb",
        "control_mode": "pd_joint_delta_pos",
        "sim_backend": "cpu",
        "reward_mode": "sparse",
        "sim_config": {
          "sim_freq": 100,
          "control_freq": 10
        },
        "max_episode_steps": 500,
        "sensor_configs": {
          "shader_pack": "default",
          "width": 384,
          "height": 384
        },
        "render_mode": "all",
        "render_backend": "pci:0000:00:00.0"
      },
      "rollout_epoch": 16,
      "policy_mode": "eval",
      "action_dim": 8,
      "num_action_chunks": 10,
      "ref_num_action_chunks": 10
    },
    "group_name": "EnvGroup"
  },
  "actor": {
    "fsdp_config": {
      "strategy": "fsdp",
      "sharding_strategy": "no_shard",
      "gradient_checkpointing": false,
      "cpu_offload": false,
      "offload_pin_memory": false,
      "reshard_after_forward": true,
      "enable_gradient_accumulation": true,
      "forward_prefetch": false,
      "limit_all_gathers": false,
      "backward_prefetch": null,
      "use_orig_params": false,
      "use_liger_kernel": false,
      "mixed_precision": {
        "param_dtype": "fp32",
        "reduce_dtype": "fp32",
        "buffer_dtype": "fp32"
      },
      "amp_autocast": {
        "enabled": false,
        "precision": "bf16"
      },
      "grad_scaler": {
        "enabled": false,
        "init_scale": null,
        "growth_interval": null
      }
    },
    "group_name": "ActorGroup",
    "training_backend": "fsdp",
    "micro_batch_size": 128,
    "global_batch_size": 512,
    "seed": 2026,
    "enable_offload": false,
    "model": {
      "model_type": "rlt_mlp_policy",
      "precision": "fp32",
      "policy_setup": "panda-qpos",
      "action_dim": 8,
      "num_action_chunks": 10,
      "ref_num_action_chunks": 10,
      "z_dim": 2048,
      "proprio_dim": 9,
      "add_value_head": false,
      "add_q_head": true,
      "q_head_type": "default",
      "fixed_std": 0.002,
      "is_lora": false,
      "lora_rank": 32
    },
    "optim": {
      "clip_grad": 10.0,
      "lr": 0.0001,
      "lr_scheduler": "torch_constant"
    },
    "critic_optim": {
      "clip_grad": 10.0,
      "lr": 0.0001,
      "lr_scheduler": "torch_constant"
    }
  },
  "weight_syncer": {
    "type": "patch",
    "patch": {
      "snapshot_device": "cpu",
      "delta_encoding": true,
      "compression": "none",
      "init_sync": {
        "enabled": true,
        "prefixes": null,
        "bucket_size": 134217728
      },
      "transport_device": "cpu"
    }
  },
  "cluster": {
    "num_nodes": 1,
    "component_placement": {
      "actor": "0-0",
      "env": "all",
      "rollout": "all"
    }
  },
  "runner": {
    "task_type": "embodied",
    "logger": {
      "log_path": "/workspace/results/d1/f2-h100-pcie-control-seed2026-attempt7",
      "project_name": "qualia-rlt-d1",
      "experiment_name": "maniskill_rlt_stage2_ac_mlp",
      "logger_backends": [
        "wandb"
      ]
    },
    "max_epochs": 5000,
    "max_steps": 1,
    "only_eval": false,
    "weight_sync_interval": 1,
    "val_check_interval": -1,
    "save_interval": 1,
    "resume_dir": null,
    "ckpt_path": null,
    "per_worker_log": false,
    "per_worker_log_path": null,
    "overlap_env_bootstrap": false
  },
  "algorithm": {
    "update_epoch": 5,
    "rlt_schedule": {
      "enable": true,
      "max_updates_per_train_step": 400,
      "warmup_min_size": 10000,
      "warmup_post_collect_updates": 30000,
      "train_every_episodes": 0,
      "train_every_transitions": 5
    },
    "group_size": 1,
    "adv_type": "embodied_sac",
    "loss_type": "rlt_ac",
    "loss_agg_func": "token-mean",
    "agg_q": "min",
    "actor_agg_q": "q1",
    "enable_drq": false,
    "q_head_type": "default",
    "bootstrap_type": "standard",
    "gamma": 0.96,
    "tau": 0.005,
    "q_weight": 1.0,
    "bc_weight": 1.0,
    "reference_dropout_prob": 0.5,
    "actor_weight_schedule": {
      "enable": true,
      "warmup_updates": 20000,
      "ramp_updates": 50000,
      "warmup_bc_weight": 7,
      "warmup_q_weight": 0.05,
      "online_bc_weight": 2.5,
      "online_q_weight": 0.45
    },
    "entropy_tuning": {
      "alpha_type": "fixed_alpha",
      "initial_alpha": 0.0,
      "optim": {
        "lr": 0.0003,
        "lr_scheduler": "torch_constant",
        "clip_grad": 10.0
      }
    },
    "replay_buffer": {
      "enable_cache": true,
      "cache_size": 10000,
      "sample_window_size": 50000,
      "max_num_samples": 50000,
      "min_buffer_size": 1000,
      "auto_save": false
    },
    "target_update_freq": 1,
    "target_update_type": "all",
    "train_actor_steps": 1000,
    "critic_actor_ratio": 4,
    "critic_subsample_size": 0,
    "backup_entropy": false
  },
  "rollout": {
    "group_name": "RolloutGroup",
    "backend": "huggingface",
    "enable_offload": false,
    "pipeline_stage_num": 1,
    "collect_transitions": true,
    "collect_prev_infos": true,
    "model": {
      "model_type": "rlt_mlp_policy",
      "model_path": "",
      "precision": "fp32",
      "policy_setup": "panda-qpos",
      "action_dim": 8,
      "num_action_chunks": 10,
      "ref_num_action_chunks": 10,
      "z_dim": 2048,
      "proprio_dim": 9,
      "add_q_head": true,
      "q_head_type": "default",
      "fixed_std": 0.002,
      "is_lora": false,
      "lora_rank": 32
    },
    "rlt_feature_model": {
      "model_type": "openpi",
      "model_path": "/workspace/checkpoints/stage1-step-500-actor",
      "precision": null,
      "num_action_chunks": 10,
      "action_dim": 8,
      "add_value_head": false,
      "is_lora": false,
      "lora_rank": 32,
      "openpi_data": {
        "repo_id": "maniskill_peginsertionside_joint",
        "default_prompt": "insert the peg in the hole",
        "norm_stats_path": "/opt/f2-norm-stats/norm_stats.json"
      },
      "openpi": {
        "config_name": "pi05_rlt_maniskill_joint",
        "num_images_in_input": 2,
        "action_chunk": 10,
        "action_horizon": 10,
        "action_env_dim": 8,
        "num_steps": 5,
        "train_expert_only": false,
        "add_value_head": false,
        "detach_critic_input": true,
        "use_rlt": true,
        "rlt_alpha": 1.0,
        "rlt_input_dim": 2048,
        "rlt_embed_dim": 2048,
        "rlt_num_rl_tokens": 1,
        "rlt_prefix_seq_len": 1024,
        "rlt_num_layers": 2,
        "rlt_num_heads": 8,
        "rlt_mlp_ratio": 4.0,
        "rlt_encoder_type": "append_self_attention",
        "rlt_image_only": false,
        "rlt_use_mask": true
      }
    },
    "expert_model": null,
    "enable_torch_compile": false,
    "enable_cuda_graph": false
  },
  "reward": {
    "use_reward_model": false
  },
  "critic": {
    "use_critic_model": false
  }
}
[INFO 21:07:07 FlexiblePlacementStrategy] 
[INFO 21:07:07 FlexiblePlacementStrategy] Using flexible placement with hardware ranks: [[0]], node groups: ['cluster'].
[INFO 21:07:07 FlexiblePlacementStrategy] 
[INFO 21:07:07 FlexiblePlacementStrategy] Using flexible placement with hardware ranks: [[0]], node groups: ['cluster'].
[INFO 21:07:07 FlexiblePlacementStrategy] 
[INFO 21:07:07 FlexiblePlacementStrategy] Using flexible placement with hardware ranks: [[0]], node groups: ['cluster'].
[INFO 21:07:07 FlexiblePlacementStrategy] Generated 1 placements: [Placement(rank=0, cluster_node_rank=0, placement_node_rank=0, local_accelerator_rank=0, accelerator_type='NV_GPU', local_rank=0, local_world_size=1, visible_accelerators=['0'], isolate_accelerator=True, local_hardware_ranks=[0], node_group_label='cluster')].
[INFO 21:07:07 FlexiblePlacementStrategy] Generated 1 placements: [Placement(rank=0, cluster_node_rank=0, placement_node_rank=0, local_accelerator_rank=0, accelerator_type='NV_GPU', local_rank=0, local_world_size=1, visible_accelerators=['0'], isolate_accelerator=True, local_hardware_ranks=[0], node_group_label='cluster')].
[INFO 21:07:08 FlexiblePlacementStrategy] Generated 1 placements: [Placement(rank=0, cluster_node_rank=0, placement_node_rank=0, local_accelerator_rank=0, accelerator_type='NV_GPU', local_rank=0, local_world_size=1, visible_accelerators=['0'], isolate_accelerator=True, local_hardware_ranks=[0], node_group_label='cluster')].
[INFO 21:07:08 NodePlacementStrategy] 
[INFO 21:07:08 NodePlacementStrategy] Using node placement with node ranks: [0], node groups: ['node'].
[INFO 21:07:08 NodePlacementStrategy] Generated 1 placements: [Placement(rank=0, cluster_node_rank=0, placement_node_rank=0, local_accelerator_rank='0', accelerator_type='NV_GPU', local_rank=0, local_world_size=1, visible_accelerators=['0'], isolate_accelerator=True, local_hardware_ranks=[], node_group_label='cluster')].
[INFO 21:07:08 NodePlacementStrategy] 
[INFO 21:07:08 NodePlacementStrategy] Using node placement with node ranks: [0], node groups: ['node'].
[INFO 21:07:08 NodePlacementStrategy] Generated 1 placements: [Placement(rank=0, cluster_node_rank=0, placement_node_rank=0, local_accelerator_rank='0', accelerator_type='NV_GPU', local_rank=0, local_world_size=1, visible_accelerators=['0'], isolate_accelerator=True, local_hardware_ranks=[], node_group_label='cluster')].
[INFO 21:07:08 NodePlacementStrategy] 
[INFO 21:07:08 NodePlacementStrategy] Using node placement with node ranks: [0], node groups: ['node'].
[INFO 21:07:08 NodePlacementStrategy] Generated 1 placements: [Placement(rank=0, cluster_node_rank=0, placement_node_rank=0, local_accelerator_rank='0', accelerator_type='NV_GPU', local_rank=0, local_world_size=1, visible_accelerators=['0'], isolate_accelerator=True, local_hardware_ranks=[], node_group_label='cluster')].
wandb: WARNING Using a boolean value for 'reinit' is deprecated. Use 'return_previous' or 'finish_previous' instead.
wandb: Tracking run with wandb version 0.25.0
wandb: W&B syncing is set to `offline` in this directory. Run `wandb online` or set WANDB_MODE=online to enable cloud syncing.
wandb: Run data is saved locally in /workspace/results/d1/f2-h100-pcie-control-seed2026-attempt7/wandb/wandb/offline-run-20260910_210710-9b1ga7cc
[36m(pid=1529)[0m WARNING: All log messages before absl::InitializeLog() is called are written to STDERR
[36m(pid=1529)[0m I0000 00:00:1789074435.391069    1529 port.cc:153] oneDNN custom operations are on. You may see slightly different numerical results due to floating-point round-off errors from different computation orders. To turn them off, set the environment variable `TF_ENABLE_ONEDNN_OPTS=0`.
[36m(MultiStepRolloutWorker pid=1527)[0m [INFO 21:07:15 FlexiblePlacementStrategy] 
[36m(MultiStepRolloutWorker pid=1527)[0m [INFO 21:07:15 FlexiblePlacementStrategy] Using flexible placement with hardware ranks: [[0]], node groups: ['cluster'].
[36m(MultiStepRolloutWorker pid=1527)[0m [INFO 21:07:15 FlexiblePlacementStrategy] 
[36m(MultiStepRolloutWorker pid=1527)[0m [INFO 21:07:15 FlexiblePlacementStrategy] Using flexible placement with hardware ranks: [[0]], node groups: ['cluster'].
[36m(MultiStepRolloutWorker pid=1527)[0m [INFO 21:07:15 FlexiblePlacementStrategy] 
[36m(MultiStepRolloutWorker pid=1527)[0m [INFO 21:07:15 FlexiblePlacementStrategy] Using flexible placement with hardware ranks: [[0]], node groups: ['cluster'].
[36m(RLTACFSDPPolicy pid=1525)[0m [W910 21:07:16.062766335 ProcessGroupNCCL.cpp:981] Warning: TORCH_NCCL_AVOID_RECORD_STREAMS is the default now, this environment variable is thus deprecated. (function operator())
[36m(RLTACFSDPPolicy pid=1525)[0m [INFO 21:07:16 FlexiblePlacementStrategy] 
[36m(RLTACFSDPPolicy pid=1525)[0m [INFO 21:07:16 FlexiblePlacementStrategy] Using flexible placement with hardware ranks: [[0]], node groups: ['cluster'].
[36m(RLTACFSDPPolicy pid=1525)[0m [INFO 21:07:16 FlexiblePlacementStrategy] 
[36m(RLTACFSDPPolicy pid=1525)[0m [INFO 21:07:16 FlexiblePlacementStrategy] Using flexible placement with hardware ranks: [[0]], node groups: ['cluster'].
[36m(RLTACFSDPPolicy pid=1525)[0m [INFO 21:07:16 FlexiblePlacementStrategy] 
[36m(RLTACFSDPPolicy pid=1525)[0m [INFO 21:07:16 FlexiblePlacementStrategy] Using flexible placement with hardware ranks: [[0]], node groups: ['cluster'].
[36m(RLTACFSDPPolicy pid=1525)[0m [INFO 21:07:16 ActorGroup-Rank-0][fsdp_model_manager.py:124] [FSDP] AMP is disabled.
[36m(pid=1529)[0m WARNING: All log messages before absl::InitializeLog() is called are written to STDERR
[36m(pid=1529)[0m I0000 00:00:1789074437.720526    1529 port.cc:153] oneDNN custom operations are on. You may see slightly different numerical results due to floating-point round-off errors from different computation orders. To turn them off, set the environment variable `TF_ENABLE_ONEDNN_OPTS=0`.
[36m(RolloutGroup(rank=0) pid=1527)[0m WARNING: All log messages before absl::InitializeLog() is called are written to STDERR
[36m(RolloutGroup(rank=0) pid=1527)[0m I0000 00:00:1789074437.766272    2067 port.cc:153] oneDNN custom operations are on. You may see slightly different numerical results due to floating-point round-off errors from different computation orders. To turn them off, set the environment variable `TF_ENABLE_ONEDNN_OPTS=0`.
[36m(EnvWorker pid=1529)[0m [INFO 21:07:18 FlexiblePlacementStrategy] 
[36m(EnvWorker pid=1529)[0m [INFO 21:07:18 FlexiblePlacementStrategy] Using flexible placement with hardware ranks: [[0]], node groups: ['cluster'].
[36m(EnvWorker pid=1529)[0m [INFO 21:07:18 FlexiblePlacementStrategy] 
[36m(EnvWorker pid=1529)[0m [INFO 21:07:18 FlexiblePlacementStrategy] Using flexible placement with hardware ranks: [[0]], node groups: ['cluster'].
[36m(EnvWorker pid=1529)[0m [INFO 21:07:18 FlexiblePlacementStrategy] 
[36m(EnvWorker pid=1529)[0m [INFO 21:07:18 FlexiblePlacementStrategy] Using flexible placement with hardware ranks: [[0]], node groups: ['cluster'].
[36m(RolloutGroup(rank=0) pid=1527)[0m WARNING: All log messages before absl::InitializeLog() is called are written to STDERR
[36m(RolloutGroup(rank=0) pid=1527)[0m I0000 00:00:1789074439.622297    2067 port.cc:153] oneDNN custom operations are on. You may see slightly different numerical results due to floating-point round-off errors from different computation orders. To turn them off, set the environment variable `TF_ENABLE_ONEDNN_OPTS=0`.
[36m(EnvGroup(rank=0) pid=1529)[0m [Gloo] Rank 0 is connected to 0 peer ranks. Expected number of connected peer ranks is : 0
[36m(EnvGroup(rank=0) pid=1529)[0m [Gloo] Rank 0 is connected to 0 peer ranks. Expected number of connected peer ranks is : 0
[36m(EnvGroup(rank=0) pid=1529)[0m [Gloo] Rank 0 is connected to 0 peer ranks. Expected number of connected peer ranks is : 0
[36m(EnvGroup(rank=0) pid=1529)[0m [W910 21:07:20.954853531 ProcessGroupNCCL.cpp:981] Warning: TORCH_NCCL_AVOID_RECORD_STREAMS is the default now, this environment variable is thus deprecated. (function operator())
[36m(RolloutGroup(rank=0) pid=1527)[0m INFO:datasets:PyTorch version 2.8.0 available.
[36m(RolloutGroup(rank=0) pid=1527)[0m INFO:datasets:Polars version 2.0.0rc1 available.
[36m(RolloutGroup(rank=0) pid=1527)[0m INFO:datasets:TensorFlow version 2.21.0 available.
[36m(RolloutGroup(rank=0) pid=1527)[0m INFO:datasets:JAX version 0.5.3 available.
[36m(EnvGroup(rank=0) pid=1529)[0m /opt/RLinf/.venv/lib/python3.11/site-packages/sapien/_vulkan_tricks.py:95: UserWarning: Failed to find glvnd ICD file. This is probably due to an incorrect or partial installation of the NVIDIA driver. SAPIEN will attempt to provide an ICD file anyway but it may not work.
[36m(EnvGroup(rank=0) pid=1529)[0m   warn(
[36m(EnvGroup(rank=0) pid=1529)[0m /opt/RLinf/.venv/lib/python3.11/site-packages/sapien/_vulkan_tricks.py:95: UserWarning: Failed to find glvnd ICD file. This is probably due to an incorrect or partial installation of the NVIDIA driver. SAPIEN will attempt to provide an ICD file anyway but it may not work.
[36m(EnvGroup(rank=0) pid=1529)[0m   warn(
[36m(EnvGroup(rank=0) pid=1529)[0m /opt/RLinf/.venv/lib/python3.11/site-packages/sapien/_vulkan_tricks.py:95: UserWarning: Failed to find glvnd ICD file. This is probably due to an incorrect or partial installation of the NVIDIA driver. SAPIEN will attempt to provide an ICD file anyway but it may not work.
[36m(EnvGroup(rank=0) pid=1529)[0m   warn(
[36m(EnvGroup(rank=0) pid=1529)[0m /opt/RLinf/.venv/lib/python3.11/site-packages/sapien/_vulkan_tricks.py:95: UserWarning: Failed to find glvnd ICD file. This is probably due to an incorrect or partial installation of the NVIDIA driver. SAPIEN will attempt to provide an ICD file anyway but it may not work.
[36m(EnvGroup(rank=0) pid=1529)[0m   warn(
[36m(EnvGroup(rank=0) pid=1529)[0m /opt/RLinf/.venv/lib/python3.11/site-packages/sapien/_vulkan_tricks.py:95: UserWarning: Failed to find glvnd ICD file. This is probably due to an incorrect or partial installation of the NVIDIA driver. SAPIEN will attempt to provide an ICD file anyway but it may not work.
[36m(EnvGroup(rank=0) pid=1529)[0m   warn(
[36m(EnvGroup(rank=0) pid=1529)[0m /opt/RLinf/.venv/lib/python3.11/site-packages/sapien/_vulkan_tricks.py:95: UserWarning: Failed to find glvnd ICD file. This is probably due to an incorrect or partial installation of the NVIDIA driver. SAPIEN will attempt to provide an ICD file anyway but it may not work.
[36m(EnvGroup(rank=0) pid=1529)[0m   warn(
[36m(EnvGroup(rank=0) pid=1529)[0m /opt/RLinf/.venv/lib/python3.11/site-packages/sapien/_vulkan_tricks.py:95: UserWarning: Failed to find glvnd ICD file. This is probably due to an incorrect or partial installation of the NVIDIA driver. SAPIEN will attempt to provide an ICD file anyway but it may not work.
[36m(EnvGroup(rank=0) pid=1529)[0m   warn(
[36m(EnvGroup(rank=0) pid=1529)[0m /opt/RLinf/.venv/lib/python3.11/site-packages/sapien/_vulkan_tricks.py:95: UserWarning: Failed to find glvnd ICD file. This is probably due to an incorrect or partial installation of the NVIDIA driver. SAPIEN will attempt to provide an ICD file anyway but it may not work.
[36m(EnvGroup(rank=0) pid=1529)[0m   warn(
[36m(EnvGroup(rank=0) pid=1529)[0m /opt/RLinf/.venv/lib/python3.11/site-packages/sapien/_vulkan_tricks.py:95: UserWarning: Failed to find glvnd ICD file. This is probably due to an incorrect or partial installation of the NVIDIA driver. SAPIEN will attempt to provide an ICD file anyway but it may not work.
[36m(EnvGroup(rank=0) pid=1529)[0m   warn(
[36m(EnvGroup(rank=0) pid=1529)[0m /opt/RLinf/.venv/lib/python3.11/site-packages/sapien/_vulkan_tricks.py:95: UserWarning: Failed to find glvnd ICD file. This is probably due to an incorrect or partial installation of the NVIDIA driver. SAPIEN will attempt to provide an ICD file anyway but it may not work.
[36m(EnvGroup(rank=0) pid=1529)[0m   warn(
[36m(EnvGroup(rank=0) pid=1529)[0m /opt/RLinf/.venv/lib/python3.11/site-packages/sapien/_vulkan_tricks.py:95: UserWarning: Failed to find glvnd ICD file. This is probably due to an incorrect or partial installation of the NVIDIA driver. SAPIEN will attempt to provide an ICD file anyway but it may not work.
[36m(EnvGroup(rank=0) pid=1529)[0m   warn(
[36m(EnvGroup(rank=0) pid=1529)[0m /opt/RLinf/.venv/lib/python3.11/site-packages/sapien/_vulkan_tricks.py:95: UserWarning: Failed to find glvnd ICD file. This is probably due to an incorrect or partial installation of the NVIDIA driver. SAPIEN will attempt to provide an ICD file anyway but it may not work.
[36m(EnvGroup(rank=0) pid=1529)[0m   warn(
[36m(EnvGroup(rank=0) pid=1529)[0m /opt/RLinf/.venv/lib/python3.11/site-packages/sapien/_vulkan_tricks.py:95: UserWarning: Failed to find glvnd ICD file. This is probably due to an incorrect or partial installation of the NVIDIA driver. SAPIEN will attempt to provide an ICD file anyway but it may not work.
[36m(EnvGroup(rank=0) pid=1529)[0m   warn(
[36m(EnvGroup(rank=0) pid=1529)[0m /opt/RLinf/.venv/lib/python3.11/site-packages/sapien/_vulkan_tricks.py:95: UserWarning: Failed to find glvnd ICD file. This is probably due to an incorrect or partial installation of the NVIDIA driver. SAPIEN will attempt to provide an ICD file anyway but it may not work.
[36m(EnvGroup(rank=0) pid=1529)[0m   warn(
[36m(EnvGroup(rank=0) pid=1529)[0m /opt/RLinf/.venv/lib/python3.11/site-packages/sapien/_vulkan_tricks.py:95: UserWarning: Failed to find glvnd ICD file. This is probably due to an incorrect or partial installation of the NVIDIA driver. SAPIEN will attempt to provide an ICD file anyway but it may not work.
[36m(EnvGroup(rank=0) pid=1529)[0m   warn(
[36m(EnvGroup(rank=0) pid=1529)[0m /opt/RLinf/.venv/lib/python3.11/site-packages/sapien/_vulkan_tricks.py:95: UserWarning: Failed to find glvnd ICD file. This is probably due to an incorrect or partial installation of the NVIDIA driver. SAPIEN will attempt to provide an ICD file anyway but it may not work.
[36m(EnvGroup(rank=0) pid=1529)[0m   warn(
[36m(EnvGroup(rank=0) pid=1529)[0m /opt/RLinf/.venv/lib/python3.11/site-packages/gymnasium/core.py:311: UserWarning: [33mWARN: env.xyz_configs to get variables from other wrappers is deprecated and will be removed in v1.0, to get this variable you can do `env.unwrapped.xyz_configs` for environment variables or `env.get_wrapper_attr('xyz_configs')` that will search the reminding wrappers.[0m
[36m(EnvGroup(rank=0) pid=1529)[0m   logger.warn(
[36m(EnvGroup(rank=0) pid=1529)[0m /opt/RLinf/.venv/lib/python3.11/site-packages/gymnasium/core.py:311: UserWarning: [33mWARN: env.xyz_configs to get variables from other wrappers is deprecated and will be removed in v1.0, to get this variable you can do `env.unwrapped.xyz_configs` for environment variables or `env.get_wrapper_attr('xyz_configs')` that will search the reminding wrappers.[0m
[36m(EnvGroup(rank=0) pid=1529)[0m   logger.warn(
[36m(EnvGroup(rank=0) pid=1529)[0m /opt/RLinf/.venv/lib/python3.11/site-packages/gymnasium/core.py:311: UserWarning: [33mWARN: env.xyz_configs to get variables from other wrappers is deprecated and will be removed in v1.0, to get this variable you can do `env.unwrapped.xyz_configs` for environment variables or `env.get_wrapper_attr('xyz_configs')` that will search the reminding wrappers.[0m
[36m(EnvGroup(rank=0) pid=1529)[0m   logger.warn(
[36m(EnvGroup(rank=0) pid=1529)[0m /opt/RLinf/.venv/lib/python3.11/site-packages/gymnasium/core.py:311: UserWarning: [33mWARN: env.xyz_configs to get variables from other wrappers is deprecated and will be removed in v1.0, to get this variable you can do `env.unwrapped.xyz_configs` for environment variables or `env.get_wrapper_attr('xyz_configs')` that will search the reminding wrappers.[0m
[36m(EnvGroup(rank=0) pid=1529)[0m   logger.warn(
[36m(EnvGroup(rank=0) pid=1529)[0m /opt/RLinf/.venv/lib/python3.11/site-packages/gymnasium/core.py:311: UserWarning: [33mWARN: env.xyz_configs to get variables from other wrappers is deprecated and will be removed in v1.0, to get this variable you can do `env.unwrapped.xyz_configs` for environment variables or `env.get_wrapper_attr('xyz_configs')` that will search the reminding wrappers.[0m
[36m(EnvGroup(rank=0) pid=1529)[0m   logger.warn(
[36m(EnvGroup(rank=0) pid=1529)[0m /opt/RLinf/.venv/lib/python3.11/site-packages/gymnasium/core.py:311: UserWarning: [33mWARN: env.xyz_configs to get variables from other wrappers is deprecated and will be removed in v1.0, to get this variable you can do `env.unwrapped.xyz_configs` for environment variables or `env.get_wrapper_attr('xyz_configs')` that will search the reminding wrappers.[0m
[36m(EnvGroup(rank=0) pid=1529)[0m   logger.warn(
[36m(EnvGroup(rank=0) pid=1529)[0m /opt/RLinf/.venv/lib/python3.11/site-packages/gymnasium/core.py:311: UserWarning: [33mWARN: env.xyz_configs to get variables from other wrappers is deprecated and will be removed in v1.0, to get this variable you can do `env.unwrapped.xyz_configs` for environment variables or `env.get_wrapper_attr('xyz_configs')` that will search the reminding wrappers.[0m
[36m(EnvGroup(rank=0) pid=1529)[0m   logger.warn(
[36m(EnvGroup(rank=0) pid=1529)[0m /opt/RLinf/.venv/lib/python3.11/site-packages/gymnasium/core.py:311: UserWarning: [33mWARN: env.xyz_configs to get variables from other wrappers is deprecated and will be removed in v1.0, to get this variable you can do `env.unwrapped.xyz_configs` for environment variables or `env.get_wrapper_attr('xyz_configs')` that will search the reminding wrappers.[0m
[36m(EnvGroup(rank=0) pid=1529)[0m   logger.warn(
[36m(EnvGroup(rank=0) pid=1529)[0m /opt/RLinf/.venv/lib/python3.11/site-packages/gymnasium/core.py:311: UserWarning: [33mWARN: env.xyz_configs to get variables from other wrappers is deprecated and will be removed in v1.0, to get this variable you can do `env.unwrapped.xyz_configs` for environment variables or `env.get_wrapper_attr('xyz_configs')` that will search the reminding wrappers.[0m
[36m(EnvGroup(rank=0) pid=1529)[0m   logger.warn(
[36m(EnvGroup(rank=0) pid=1529)[0m /opt/RLinf/.venv/lib/python3.11/site-packages/gymnasium/core.py:311: UserWarning: [33mWARN: env.xyz_configs to get variables from other wrappers is deprecated and will be removed in v1.0, to get this variable you can do `env.unwrapped.xyz_configs` for environment variables or `env.get_wrapper_attr('xyz_configs')` that will search the reminding wrappers.[0m
[36m(EnvGroup(rank=0) pid=1529)[0m   logger.warn(
[36m(EnvGroup(rank=0) pid=1529)[0m /opt/RLinf/.venv/lib/python3.11/site-packages/gymnasium/core.py:311: UserWarning: [33mWARN: env.xyz_configs to get variables from other wrappers is deprecated and will be removed in v1.0, to get this variable you can do `env.unwrapped.xyz_configs` for environment variables or `env.get_wrapper_attr('xyz_configs')` that will search the reminding wrappers.[0m
[36m(EnvGroup(rank=0) pid=1529)[0m   logger.warn(
[36m(EnvGroup(rank=0) pid=1529)[0m /opt/RLinf/.venv/lib/python3.11/site-packages/gymnasium/core.py:311: UserWarning: [33mWARN: env.xyz_configs to get variables from other wrappers is deprecated and will be removed in v1.0, to get this variable you can do `env.unwrapped.xyz_configs` for environment variables or `env.get_wrapper_attr('xyz_configs')` that will search the reminding wrappers.[0m
[36m(EnvGroup(rank=0) pid=1529)[0m   logger.warn(
[36m(EnvGroup(rank=0) pid=1529)[0m /opt/RLinf/.venv/lib/python3.11/site-packages/gymnasium/core.py:311: UserWarning: [33mWARN: env.xyz_configs to get variables from other wrappers is deprecated and will be removed in v1.0, to get this variable you can do `env.unwrapped.xyz_configs` for environment variables or `env.get_wrapper_attr('xyz_configs')` that will search the reminding wrappers.[0m
[36m(EnvGroup(rank=0) pid=1529)[0m   logger.warn(
[36m(EnvGroup(rank=0) pid=1529)[0m /opt/RLinf/.venv/lib/python3.11/site-packages/gymnasium/core.py:311: UserWarning: [33mWARN: env.xyz_configs to get variables from other wrappers is deprecated and will be removed in v1.0, to get this variable you can do `env.unwrapped.xyz_configs` for environment variables or `env.get_wrapper_attr('xyz_configs')` that will search the reminding wrappers.[0m
[36m(EnvGroup(rank=0) pid=1529)[0m   logger.warn(
[36m(EnvGroup(rank=0) pid=1529)[0m /opt/RLinf/.venv/lib/python3.11/site-packages/gymnasium/core.py:311: UserWarning: [33mWARN: env.xyz_configs to get variables from other wrappers is deprecated and will be removed in v1.0, to get this variable you can do `env.unwrapped.xyz_configs` for environment variables or `env.get_wrapper_attr('xyz_configs')` that will search the reminding wrappers.[0m
[36m(EnvGroup(rank=0) pid=1529)[0m   logger.warn(
[36m(EnvGroup(rank=0) pid=1529)[0m /opt/RLinf/.venv/lib/python3.11/site-packages/gymnasium/core.py:311: UserWarning: [33mWARN: env.xyz_configs to get variables from other wrappers is deprecated and will be removed in v1.0, to get this variable you can do `env.unwrapped.xyz_configs` for environment variables or `env.get_wrapper_attr('xyz_configs')` that will search the reminding wrappers.[0m
[36m(EnvGroup(rank=0) pid=1529)[0m   logger.warn(
[36m(RolloutGroup(rank=0) pid=1527)[0m INFO:root:Loaded norm stats from /opt/f2-norm-stats
[36m(ActorGroup(rank=0) pid=1525)[0m [INFO 21:08:22 ActorGroup-Rank-0][fsdp_sac_policy_worker.py:92] [FSDP] Gradient checkpointing is disabled
[36m(ActorGroup(rank=0) pid=1525)[0m [WARNING 21:08:23 ActorGroup-Rank-0][replay_buffer.py:263] auto_save is disabled, enabling cache with size 50000
[36m(ActorGroup(rank=0) pid=1525)[0m [Gloo] Rank 0 is connected to 1 peer ranks. Expected number of connected peer ranks is : 1
[36m(ActorGroup(rank=0) pid=1525)[0m [Gloo] Rank 0 is connected to 1 peer ranks. Expected number of connected peer ranks is : 1
[36m(ActorGroup(rank=0) pid=1525)[0m [Gloo] Rank 0 is connected to 1 peer ranks. Expected number of connected peer ranks is : 1
[36m(RolloutGroup(rank=0) pid=1527)[0m [W910 21:08:25.781079945 ProcessGroupNCCL.cpp:981] Warning: TORCH_NCCL_AVOID_RECORD_STREAMS is the default now, this environment variable is thus deprecated. (function operator())
[36m(RolloutGroup(rank=0) pid=1527)[0m [Gloo] Rank 1 is connected to 1 peer ranks. Expected number of connected peer ranks is : 1
[36m(RolloutGroup(rank=0) pid=1527)[0m [Gloo] Rank 1 is connected to 1 peer ranks. Expected number of connected peer ranks is : 1
[36m(RolloutGroup(rank=0) pid=1527)[0m [Gloo] Rank 1 is connected to 1 peer ranks. Expected number of connected peer ranks is : 1
[36m(RolloutGroup(rank=0) pid=1527)[0m 
Generating Rollout Epochs:   0%|          | 0/4 [00:00<?, ?it/s]
[36m(EnvGroup(rank=0) pid=1529)[0m [Gloo] Rank 0 is connected to 1 peer ranks. Expected number of connected peer ranks is : 1
[36m(EnvGroup(rank=0) pid=1529)[0m [Gloo] Rank 0 is connected to 1 peer ranks. Expected number of connected peer ranks is : 1
[36m(EnvGroup(rank=0) pid=1529)[0m [Gloo] Rank 0 is connected to 1 peer ranks. Expected number of connected peer ranks is : 1
[36m(Rollout(rank=0) pid=1533)[0m [W910 21:08:28.515471994 ProcessGroupNCCL.cpp:981] Warning: TORCH_NCCL_AVOID_RECORD_STREAMS is the default now, this environment variable is thus deprecated. (function operator())
[36m(Rollout(rank=0) pid=1533)[0m [Gloo] Rank 1 is connected to 1 peer ranks. Expected number of connected peer ranks is : 1
[36m(Rollout(rank=0) pid=1533)[0m [Gloo] Rank 1 is connected to 1 peer ranks. Expected number of connected peer ranks is : 1
[36m(Rollout(rank=0) pid=1533)[0m [Gloo] Rank 1 is connected to 1 peer ranks. Expected number of connected peer ranks is : 1
[36m(RolloutGroup(rank=0) pid=1527)[0m [Gloo] Rank 1 is connected to 1 peer ranks. Expected number of connected peer ranks is : 1
[36m(RolloutGroup(rank=0) pid=1527)[0m [Gloo] Rank 1 is connected to 1 peer ranks. Expected number of connected peer ranks is : 1
[36m(RolloutGroup(rank=0) pid=1527)[0m [Gloo] Rank 1 is connected to 1 peer ranks. Expected number of connected peer ranks is : 1
[36m(Rollout(rank=0) pid=1533)[0m [Gloo] Rank 0 is connected to 1 peer ranks. Expected number of connected peer ranks is : 1
[36m(Rollout(rank=0) pid=1533)[0m [Gloo] Rank 0 is connected to 1 peer ranks. Expected number of connected peer ranks is : 1
[36m(Rollout(rank=0) pid=1533)[0m [Gloo] Rank 0 is connected to 1 peer ranks. Expected number of connected peer ranks is : 1
[36m(RolloutGroup(rank=0) pid=1527)[0m [Gloo] Rank 1 is connected to 1 peer ranks. Expected number of connected peer ranks is : 1
[36m(RolloutGroup(rank=0) pid=1527)[0m [Gloo] Rank 1 is connected to 1 peer ranks. Expected number of connected peer ranks is : 1
[36m(RolloutGroup(rank=0) pid=1527)[0m [Gloo] Rank 1 is connected to 1 peer ranks. Expected number of connected peer ranks is : 1
[36m(Env(rank=0) pid=1531)[0m [Gloo] Rank 0 is connected to 1 peer ranks. Expected number of connected peer ranks is : 1
[36m(Env(rank=0) pid=1531)[0m [Gloo] Rank 0 is connected to 1 peer ranks. Expected number of connected peer ranks is : 1
[36m(Env(rank=0) pid=1531)[0m [Gloo] Rank 0 is connected to 1 peer ranks. Expected number of connected peer ranks is : 1
[36m(Env(rank=0) pid=1531)[0m [W910 21:08:34.789698712 ProcessGroupNCCL.cpp:981] Warning: TORCH_NCCL_AVOID_RECORD_STREAMS is the default now, this environment variable is thus deprecated. (function operator())
[36m(EnvGroup(rank=0) pid=1529)[0m [Gloo] Rank 1 is connected to 1 peer ranks. Expected number of connected peer ranks is : 1
[36m(EnvGroup(rank=0) pid=1529)[0m [Gloo] Rank 1 is connected to 1 peer ranks. Expected number of connected peer ranks is : 1
[36m(EnvGroup(rank=0) pid=1529)[0m [Gloo] Rank 1 is connected to 1 peer ranks. Expected number of connected peer ranks is : 1
[36m(Env(rank=0) pid=1531)[0m [Gloo] Rank 0 is connected to 1 peer ranks. Expected number of connected peer ranks is : 1
[36m(Env(rank=0) pid=1531)[0m [Gloo] Rank 0 is connected to 1 peer ranks. Expected number of connected peer ranks is : 1
[36m(Env(rank=0) pid=1531)[0m [Gloo] Rank 0 is connected to 1 peer ranks. Expected number of connected peer ranks is : 1
[36m(RolloutGroup(rank=0) pid=1527)[0m 
Generating Rollout Epochs:  25%|██▌       | 1/4 [07:07<21:22, 427.58s/it]
[36m(RolloutGroup(rank=0) pid=1527)[0m 
Generating Rollout Epochs:  50%|█████     | 2/4 [14:19<14:20, 430.03s/it]
[36m(RolloutGroup(rank=0) pid=1527)[0m 
Generating Rollout Epochs:  75%|███████▌  | 3/4 [22:01<07:24, 444.65s/it]
[36m(RolloutGroup(rank=0) pid=1527)[0m 
Generating Rollout Epochs: 100%|██████████| 4/4 [29:11<00:00, 438.86s/it]
Generating Rollout Epochs: 100%|██████████| 4/4 [29:11<00:00, 437.84s/it]
[36m(EnvGroup(rank=0) pid=1529)[0m [Gloo] Rank 1 is connected to 1 peer ranks. Expected number of connected peer ranks is : 1
[36m(EnvGroup(rank=0) pid=1529)[0m [Gloo] Rank 1 is connected to 1 peer ranks. Expected number of connected peer ranks is : 1
[36m(EnvGroup(rank=0) pid=1529)[0m [Gloo] Rank 1 is connected to 1 peer ranks. Expected number of connected peer ranks is : 1
[36m(Actor(rank=0) pid=1535)[0m [Gloo] Rank 0 is connected to 1 peer ranks. Expected number of connected peer ranks is : 1
[36m(Actor(rank=0) pid=1535)[0m [Gloo] Rank 0 is connected to 1 peer ranks. Expected number of connected peer ranks is : 1
[36m(Actor(rank=0) pid=1535)[0m [Gloo] Rank 0 is connected to 1 peer ranks. Expected number of connected peer ranks is : 1
[36m(Actor(rank=0) pid=1535)[0m [W910 21:37:39.606180937 ProcessGroupNCCL.cpp:981] Warning: TORCH_NCCL_AVOID_RECORD_STREAMS is the default now, this environment variable is thus deprecated. (function operator())
[36m(ActorGroup(rank=0) pid=1525)[0m [Gloo] Rank 1 is connected to 1 peer ranks. Expected number of connected peer ranks is : 1
[36m(ActorGroup(rank=0) pid=1525)[0m [Gloo] Rank 1 is connected to 1 peer ranks. Expected number of connected peer ranks is : 1
[36m(ActorGroup(rank=0) pid=1525)[0m [Gloo] Rank 1 is connected to 1 peer ranks. Expected number of connected peer ranks is : 1
[36m(Actor(rank=0) pid=1535)[0m [Gloo] Rank 0 is connected to 1 peer ranks. Expected number of connected peer ranks is : 1
[36m(Actor(rank=0) pid=1535)[0m [Gloo] Rank 0 is connected to 1 peer ranks. Expected number of connected peer ranks is : 1
[36m(Actor(rank=0) pid=1535)[0m [Gloo] Rank 0 is connected to 1 peer ranks. Expected number of connected peer ranks is : 1
[INFO 21:37:41 RLinf] Saving checkpoint at step 1.
[36m(ActorGroup(rank=0) pid=1525)[0m /opt/RLinf/.venv/lib/python3.11/site-packages/torch/distributed/distributed_c10d.py:4807: UserWarning: No device id is provided via `init_process_group` or `barrier `. Using the current device set by the user. 
[36m(ActorGroup(rank=0) pid=1525)[0m   warnings.warn(  # warn only once
[36m(ActorGroup(rank=0) pid=1525)[0m /opt/RLinf/.venv/lib/python3.11/site-packages/torch/distributed/distributed_c10d.py:860: UserWarning: `_get_pg_default_device` will be deprecated, it only stays for backward-compatiblity reason. If you need to find a device for object collectives, please use `_get_object_coll_device`. If you need to query the device types supported by group, please use `_device_capability(group)`. 
[36m(ActorGroup(rank=0) pid=1525)[0m   warnings.warn(
[36m(ActorGroup(rank=0) pid=1525)[0m /opt/RLinf/.venv/lib/python3.11/site-packages/torch/distributed/distributed_c10d.py:860: UserWarning: `_get_pg_default_device` will be deprecated, it only stays for backward-compatiblity reason. If you need to find a device for object collectives, please use `_get_object_coll_device`. If you need to query the device types supported by group, please use `_device_capability(group)`. 
[36m(ActorGroup(rank=0) pid=1525)[0m   warnings.warn(
[36m(ActorGroup(rank=0) pid=1525)[0m /opt/RLinf/.venv/lib/python3.11/site-packages/torch/distributed/distributed_c10d.py:4807: UserWarning: No device id is provided via `init_process_group` or `barrier `. Using the current device set by the user. 
[36m(ActorGroup(rank=0) pid=1525)[0m   warnings.warn(  # warn only once
[36m(ActorGroup(rank=0) pid=1525)[0m /opt/RLinf/.venv/lib/python3.11/site-packages/torch/distributed/distributed_c10d.py:4807: UserWarning: No device id is provided via `init_process_group` or `barrier `. Using the current device set by the user. 
[36m(ActorGroup(rank=0) pid=1525)[0m   warnings.warn(  # warn only once

╭──────────────────────────────────────────────────────────────────────────────────────────────────────────────────────╮
├──────────────────────────────────────────────────── Metric Table ────────────────────────────────────────────────────┤
│ Global Step:    1/1 │ Progress: ████████████████████████████████████████ │ 100.0%                                    │
│ Elapsed: 29:24 │ ETA: 00:00 │ Step Time: 1764.917s                                                                   │
├──────────────────────────────────────────────────────── Time ────────────────────────────────────────────────────────┤
│                                                                                                                      │
│actor/actor/compute_adv=1.66e-05       │actor/actor/recv_traj=1755.9           │actor/actor/sync_model_to_rollout=1.9…│
│cal_adv_and_returns=0.010              │env/compute_bootstrap_rewards=0.018    │env/env/bootstrap_step=4.908          │
│env/env/send_rollout_trajectories=0.415│env/env_interact_step=1585.8           │env/interact=1751.8                   │
│env/run_interact_once=1751.8           │generate_rollouts=1756.0               │rollout/generate_one_epoch=1751.3     │
│rollout/rollout/generate=1751.3        │step=1764.9                            │sync_weights=2.328                    │
│                                                                                                                      │
├──────────────────────────────────────────────────── Environment ─────────────────────────────────────────────────────┤
│                                                                                                                      │
│actor_switch_step=22.96875             │actor_switch_step_nonzero=22.96875     │entered_actor_phase_once=0.453125     │
│episode_len=424.0625                   │num_trajectories=64                    │return=0.1875                         │
│reward=0.002175226                     │success_once=0.1875                    │                                      │
│                                                                                                                      │
├─────────────────────────────────────────────────── Replay Buffer ────────────────────────────────────────────────────┤
│                                                                                                                      │
│cache_size=724.0                       │num_trajectories=724.0                 │total_samples=724.0                   │
│                                                                                                                      │
├─────────────────────────────────────────────────── Training/Other ───────────────────────────────────────────────────┤
│                                                                                                                      │
│replay/actor_switch_rate=0.0000        │replay/done_rate=0.0069                │replay/intervention_rate=0.0000       │
│replay/intervention_requested_rate=0.0…│replay/record_transition_rate=0.258    │replay/reward_mean=0.014              │
│replay/reward_positive_rate=0.014      │replay/transition_count=724.0          │rlt/actor_updates_run=0.0000          │
│rlt/critic_updates_run=0.0000          │rlt/desired_total_updates=0.0000       │rlt/global_min_replay_size=724.0      │
│rlt/global_total_transitions_added=724…│rlt/global_transitions_since_train=724…│rlt/max_updates_per_train_step=400.0  │
│rlt/min_replay_buffer_size=10000.0     │rlt/pending_update_budget=0.0000       │rlt/ready_for_online=0.0000           │
│rlt/should_train=0.0000                │rlt/skip_reason=1.000                  │rlt/train_every_episodes=0.0000       │
│rlt/train_every_transitions=5.000      │rlt/update_epoch=5.000                 │rlt/update_step=0.0000                │
│rlt/updates_scheduled=0.0000           │rlt/updates_to_run=0.0000              │rlt/warmup_required_updates=3.00e+04  │
│                                                                                                                      │
╰──────────────────────────────────────────────────────────────────────────────────────────────────────────────────────╯

wandb: 
wandb: Run history:
wandb:         env/actor_switch_step ▁
wandb: env/actor_switch_step_nonzero ▁
wandb:  env/entered_actor_phase_once ▁
wandb:               env/episode_len ▁
wandb:          env/num_trajectories ▁
wandb:                    env/return ▁
wandb:                    env/reward ▁
wandb:              env/success_once ▁
wandb:  time/actor/actor/compute_adv ▁
wandb:    time/actor/actor/recv_traj ▁
wandb:                           +43 ...
wandb: 
wandb: Run summary:
wandb:         env/actor_switch_step 22.96875
wandb: env/actor_switch_step_nonzero 22.96875
wandb:  env/entered_actor_phase_once 0.45312
wandb:               env/episode_len 424.0625
wandb:          env/num_trajectories 64
wandb:                    env/return 0.1875
wandb:                    env/reward 0.00218
wandb:              env/success_once 0.1875
wandb:  time/actor/actor/compute_adv 2e-05
wandb:    time/actor/actor/recv_traj 1755.85794
wandb:                           +43 ...
wandb: 
wandb: You can sync this run to the cloud by running:
wandb: wandb sync /workspace/results/d1/f2-h100-pcie-control-seed2026-attempt7/wandb/wandb/offline-run-20260910_210710-9b1ga7cc
wandb: Find logs at: /workspace/results/d1/f2-h100-pcie-control-seed2026-attempt7/wandb/wandb/offline-run-20260910_210710-9b1ga7cc/logs
WARNING: All log messages before absl::InitializeLog() is called are written to STDERR
I0000 00:00:1789076292.747460   14804 port.cc:153] oneDNN custom operations are on. You may see slightly different numerical results due to floating-point round-off errors from different computation orders. To turn them off, set the environment variable `TF_ENABLE_ONEDNN_OPTS=0`.
I0000 00:00:1789076292.821767   14804 cpu_feature_guard.cc:227] This TensorFlow binary is optimized to use available CPU instructions in performance-critical operations.
To enable the following instructions: AVX2 AVX512F AVX512_VNNI AVX512_BF16 AVX512_FP16 AVX_VNNI FMA, in other operations, rebuild TensorFlow with the appropriate compiler flags.
WARNING: All log messages before absl::InitializeLog() is called are written to STDERR
I0000 00:00:1789076294.995945   14804 port.cc:153] oneDNN custom operations are on. You may see slightly different numerical results due to floating-point round-off errors from different computation orders. To turn them off, set the environment variable `TF_ENABLE_ONEDNN_OPTS=0`.
/opt/RLinf/.venv/lib/python3.11/site-packages/hydra/_internal/defaults_list.py:251: UserWarning: In 'maniskill_rlt_stage2_ac_mlp': Defaults list is missing `_self_`. See https://hydra.cc/docs/1.2/upgrades/1.0_to_1.1/default_composition_order for more information
  warnings.warn(msg, UserWarning)
/opt/RLinf/.venv/lib/python3.11/site-packages/hydra/_internal/hydra.py:119: UserWarning: Future Hydra versions will no longer change working directory at job runtime by default.
See https://hydra.cc/docs/1.2/upgrades/1.1_to_1.2/changes_to_job_working_dir/ for more information.
  ret = run_job(
2026-09-10 21:38:17,556	INFO worker.py:1833 -- Connecting to existing Ray cluster at address: 172.29.150.182:6379...
2026-09-10 21:38:17,607	INFO worker.py:2024 -- Connected to Ray cluster.
[INFO 21:38:19 RLinf] RLinf is running on a cluster with 1 node and 1 accelerator. The nodes' details are: 
node_labels: []
node_rank: 0
ray_id: c42d7c5a49f905f4ea4e9d8c86ae916d6ab81dcee95c42462fde8a16
node_ip: 172.29.150.182
num_cpus: 16
python_interpreter_path: /opt/RLinf/.venv/bin/python
hardware_resources:
- type: Accelerator
  infos:
  - type: Accelerator
    model: NV_GPU:H100 PCIe
profiler_backends: []

Node groups' details are: 
label: cluster
nodes: '0'
hardware_type: Accelerator
ignore_hardware: false
env_configs: null

label: node
nodes: '0'
hardware_type: null
ignore_hardware: true
env_configs: null

[36m(_RemoteNodeProbe pid=673)[0m /opt/RLinf/rlinf/scheduler/cluster/node.py:532: UserWarning: Python interpreter used to launch Ray on node with IP 172.29.150.182 is different from that on the head node /opt/RLinf/.venv/bin/python. Keep using the current interpreter /opt/RLinf/.venv/bin/python3 on this node.
[36m(_RemoteNodeProbe pid=673)[0m   warnings.warn(
[INFO 21:38:19 FlexiblePlacementStrategy] 
[INFO 21:38:19 FlexiblePlacementStrategy] Using flexible placement with hardware ranks: [[0]], node groups: ['cluster'].
[INFO 21:38:19 FlexiblePlacementStrategy] 
[INFO 21:38:19 FlexiblePlacementStrategy] Using flexible placement with hardware ranks: [[0]], node groups: ['cluster'].
[INFO 21:38:19 FlexiblePlacementStrategy] 
[INFO 21:38:19 FlexiblePlacementStrategy] Using flexible placement with hardware ranks: [[0]], node groups: ['cluster'].
[INFO 21:38:19 FlexiblePlacementStrategy] 
[INFO 21:38:19 FlexiblePlacementStrategy] Using flexible placement with hardware ranks: [[0]], node groups: ['cluster'].
[INFO 21:38:19 FlexiblePlacementStrategy] 
[INFO 21:38:19 FlexiblePlacementStrategy] Using flexible placement with hardware ranks: [[0]], node groups: ['cluster'].
[INFO 21:38:19 FlexiblePlacementStrategy] 
[INFO 21:38:19 FlexiblePlacementStrategy] Using flexible placement with hardware ranks: [[0]], node groups: ['cluster'].
{
  "env": {
    "train": {
      "env_type": "maniskill_rlt",
      "total_num_envs": 16,
      "wrap_obs_mode": "rlt_openpi_joint",
      "use_full_state": false,
      "auto_reset": false,
      "ignore_terminations": false,
      "use_rel_reward": false,
      "reward_mode": "only_success",
      "seed": 2026,
      "group_size": 1,
      "use_fixed_reset_state_ids": false,
      "max_steps_per_rollout_epoch": 500,
      "max_episode_steps": 500,
      "rlt_policy_switch": {
        "enable": true,
        "task_mode": "full_task",
        "trigger_mode": "auto",
        "latch_until_done": true,
        "auto_gate": {
          "require_grasp": true,
          "require_not_success": true,
          "near_hole_x_min": -0.16,
          "near_hole_yz_margin": 1.5,
          "fallback_hole_radius": 0.03
        },
        "expert_takeover": {
          "enable": false,
          "trigger_mode": "stalled_progress",
          "gate": {
            "require_grasp": true,
            "require_not_success": true,
            "near_hole_x_min": -0.1,
            "near_hole_yz_margin": 2.0,
            "stuck_chunks_before_takeover": 3,
            "min_x_progress": 0.003,
            "min_yz_progress": 0.0015,
            "min_score_progress": 0.002,
            "progress_yz_weight": 1.0,
            "fallback_hole_radius": 0.03
          }
        }
      },
      "video_cfg": {
        "save_video": false,
        "info_on_video": true,
        "fps": 10,
        "record_every": 1,
        "video_base_dir": "/workspace/results/d1/f2-h100-pcie-candidate-seed2026-attempt7/video/train"
      },
      "enable_offload": false,
      "init_params": {
        "id": "PegInsertionSideWideClearance-v1",
        "num_envs": null,
        "obs_mode": "rgb",
        "control_mode": "pd_joint_delta_pos",
        "sim_backend": "cpu",
        "reward_mode": "sparse",
        "sim_config": {
          "sim_freq": 100,
          "control_freq": 10
        },
        "max_episode_steps": 500,
        "sensor_configs": {
          "shader_pack": "default",
          "width": 384,
          "height": 384
        },
        "render_mode": "all",
        "render_backend": "pci:0000:00:00.0"
      },
      "rollout_epoch": 4,
      "action_dim": 8,
      "num_action_chunks": 10,
      "ref_num_action_chunks": 10
    },
    "eval": {
      "env_type": "maniskill_rlt",
      "total_num_envs": 16,
      "wrap_obs_mode": "rlt_openpi_joint",
      "use_full_state": false,
      "auto_reset": false,
      "ignore_terminations": false,
      "use_rel_reward": false,
      "reward_mode": "only_success",
      "seed": 2026,
      "group_size": 1,
      "use_fixed_reset_state_ids": true,
      "max_steps_per_rollout_epoch": 500,
      "max_episode_steps": 500,
      "rlt_policy_switch": {
        "enable": true,
        "task_mode": "full_task",
        "trigger_mode": "auto",
        "latch_until_done": true,
        "auto_gate": {
          "require_grasp": true,
          "require_not_success": true,
          "near_hole_x_min": -0.16,
          "near_hole_yz_margin": 1.5,
          "fallback_hole_radius": 0.03
        },
        "expert_takeover": {
          "enable": false,
          "trigger_mode": "stalled_progress",
          "gate": {
            "require_grasp": true,
            "require_not_success": true,
            "near_hole_x_min": -0.1,
            "near_hole_yz_margin": 2.0,
            "stuck_chunks_before_takeover": 3,
            "min_x_progress": 0.003,
            "min_yz_progress": 0.0015,
            "min_score_progress": 0.002,
            "progress_yz_weight": 1.0,
            "fallback_hole_radius": 0.03
          }
        }
      },
      "video_cfg": {
        "save_video": false,
        "info_on_video": true,
        "fps": 10,
        "record_every": 1,
        "video_base_dir": "/workspace/results/d1/f2-h100-pcie-candidate-seed2026-attempt7/video/eval"
      },
      "enable_offload": false,
      "init_params": {
        "id": "PegInsertionSideWideClearance-v1",
        "num_envs": null,
        "obs_mode": "rgb",
        "control_mode": "pd_joint_delta_pos",
        "sim_backend": "cpu",
        "reward_mode": "sparse",
        "sim_config": {
          "sim_freq": 100,
          "control_freq": 10
        },
        "max_episode_steps": 500,
        "sensor_configs": {
          "shader_pack": "default",
          "width": 384,
          "height": 384
        },
        "render_mode": "all",
        "render_backend": "pci:0000:00:00.0"
      },
      "rollout_epoch": 16,
      "policy_mode": "eval",
      "action_dim": 8,
      "num_action_chunks": 10,
      "ref_num_action_chunks": 10
    },
    "group_name": "EnvGroup"
  },
  "actor": {
    "fsdp_config": {
      "strategy": "fsdp",
      "sharding_strategy": "no_shard",
      "gradient_checkpointing": false,
      "cpu_offload": false,
      "offload_pin_memory": false,
      "reshard_after_forward": true,
      "enable_gradient_accumulation": true,
      "forward_prefetch": false,
      "limit_all_gathers": false,
      "backward_prefetch": null,
      "use_orig_params": false,
      "use_liger_kernel": false,
      "mixed_precision": {
        "param_dtype": "fp32",
        "reduce_dtype": "fp32",
        "buffer_dtype": "fp32"
      },
      "amp_autocast": {
        "enabled": false,
        "precision": "bf16"
      },
      "grad_scaler": {
        "enabled": false,
        "init_scale": null,
        "growth_interval": null
      }
    },
    "group_name": "ActorGroup",
    "training_backend": "fsdp",
    "micro_batch_size": 128,
    "global_batch_size": 512,
    "seed": 2026,
    "enable_offload": false,
    "model": {
      "model_type": "rlt_mlp_policy",
      "precision": "fp32",
      "policy_setup": "panda-qpos",
      "action_dim": 8,
      "num_action_chunks": 10,
      "ref_num_action_chunks": 10,
      "z_dim": 2048,
      "proprio_dim": 9,
      "add_value_head": false,
      "add_q_head": true,
      "q_head_type": "default",
      "fixed_std": 0.002,
      "is_lora": false,
      "lora_rank": 32
    },
    "optim": {
      "clip_grad": 10.0,
      "lr": 0.0001,
      "lr_scheduler": "torch_constant"
    },
    "critic_optim": {
      "clip_grad": 10.0,
      "lr": 0.0001,
      "lr_scheduler": "torch_constant"
    }
  },
  "weight_syncer": {
    "type": "patch",
    "patch": {
      "snapshot_device": "cpu",
      "delta_encoding": true,
      "compression": "none",
      "init_sync": {
        "enabled": true,
        "prefixes": null,
        "bucket_size": 134217728
      },
      "transport_device": "cpu"
    }
  },
  "cluster": {
    "num_nodes": 1,
    "component_placement": {
      "actor": "0-0",
      "env": "all",
      "rollout": "all"
    }
  },
  "runner": {
    "task_type": "embodied",
    "logger": {
      "log_path": "/workspace/results/d1/f2-h100-pcie-candidate-seed2026-attempt7",
      "project_name": "qualia-rlt-d1",
      "experiment_name": "maniskill_rlt_stage2_ac_mlp",
      "logger_backends": [
        "wandb"
      ]
    },
    "max_epochs": 5000,
    "max_steps": 1,
    "only_eval": false,
    "weight_sync_interval": 1,
    "val_check_interval": -1,
    "save_interval": 1,
    "resume_dir": null,
    "ckpt_path": null,
    "per_worker_log": false,
    "per_worker_log_path": null,
    "overlap_env_bootstrap": false
  },
  "algorithm": {
    "update_epoch": 5,
    "rlt_schedule": {
      "enable": true,
      "max_updates_per_train_step": 400,
      "warmup_min_size": 10000,
      "warmup_post_collect_updates": 30000,
      "train_every_episodes": 0,
      "train_every_transitions": 5
    },
    "group_size": 1,
    "adv_type": "embodied_sac",
    "loss_type": "rlt_ac",
    "loss_agg_func": "token-mean",
    "agg_q": "min",
    "actor_agg_q": "q1",
    "enable_drq": false,
    "q_head_type": "default",
    "bootstrap_type": "standard",
    "gamma": 0.96,
    "tau": 0.005,
    "q_weight": 1.0,
    "bc_weight": 1.0,
    "reference_dropout_prob": 0.5,
    "actor_weight_schedule": {
      "enable": true,
      "warmup_updates": 20000,
      "ramp_updates": 50000,
      "warmup_bc_weight": 5.6,
      "warmup_q_weight": 0.05,
      "online_bc_weight": 2,
      "online_q_weight": 0.45
    },
    "entropy_tuning": {
      "alpha_type": "fixed_alpha",
      "initial_alpha": 0.0,
      "optim": {
        "lr": 0.0003,
        "lr_scheduler": "torch_constant",
        "clip_grad": 10.0
      }
    },
    "replay_buffer": {
      "enable_cache": true,
      "cache_size": 10000,
      "sample_window_size": 50000,
      "max_num_samples": 50000,
      "min_buffer_size": 1000,
      "auto_save": false
    },
    "target_update_freq": 1,
    "target_update_type": "all",
    "train_actor_steps": 1000,
    "critic_actor_ratio": 4,
    "critic_subsample_size": 0,
    "backup_entropy": false
  },
  "rollout": {
    "group_name": "RolloutGroup",
    "backend": "huggingface",
    "enable_offload": false,
    "pipeline_stage_num": 1,
    "collect_transitions": true,
    "collect_prev_infos": true,
    "model": {
      "model_type": "rlt_mlp_policy",
      "model_path": "",
      "precision": "fp32",
      "policy_setup": "panda-qpos",
      "action_dim": 8,
      "num_action_chunks": 10,
      "ref_num_action_chunks": 10,
      "z_dim": 2048,
      "proprio_dim": 9,
      "add_q_head": true,
      "q_head_type": "default",
      "fixed_std": 0.002,
      "is_lora": false,
      "lora_rank": 32
    },
    "rlt_feature_model": {
      "model_type": "openpi",
      "model_path": "/workspace/checkpoints/stage1-step-500-actor",
      "precision": null,
      "num_action_chunks": 10,
      "action_dim": 8,
      "add_value_head": false,
      "is_lora": false,
      "lora_rank": 32,
      "openpi_data": {
        "repo_id": "maniskill_peginsertionside_joint",
        "default_prompt": "insert the peg in the hole",
        "norm_stats_path": "/opt/f2-norm-stats/norm_stats.json"
      },
      "openpi": {
        "config_name": "pi05_rlt_maniskill_joint",
        "num_images_in_input": 2,
        "action_chunk": 10,
        "action_horizon": 10,
        "action_env_dim": 8,
        "num_steps": 5,
        "train_expert_only": false,
        "add_value_head": false,
        "detach_critic_input": true,
        "use_rlt": true,
        "rlt_alpha": 1.0,
        "rlt_input_dim": 2048,
        "rlt_embed_dim": 2048,
        "rlt_num_rl_tokens": 1,
        "rlt_prefix_seq_len": 1024,
        "rlt_num_layers": 2,
        "rlt_num_heads": 8,
        "rlt_mlp_ratio": 4.0,
        "rlt_encoder_type": "append_self_attention",
        "rlt_image_only": false,
        "rlt_use_mask": true
      }
    },
    "expert_model": null,
    "enable_torch_compile": false,
    "enable_cuda_graph": false
  },
  "reward": {
    "use_reward_model": false
  },
  "critic": {
    "use_critic_model": false
  }
}
[INFO 21:38:20 FlexiblePlacementStrategy] 
[INFO 21:38:20 FlexiblePlacementStrategy] Using flexible placement with hardware ranks: [[0]], node groups: ['cluster'].
[INFO 21:38:20 FlexiblePlacementStrategy] 
[INFO 21:38:20 FlexiblePlacementStrategy] Using flexible placement with hardware ranks: [[0]], node groups: ['cluster'].
[INFO 21:38:20 FlexiblePlacementStrategy] 
[INFO 21:38:20 FlexiblePlacementStrategy] Using flexible placement with hardware ranks: [[0]], node groups: ['cluster'].
[INFO 21:38:20 FlexiblePlacementStrategy] Generated 1 placements: [Placement(rank=0, cluster_node_rank=0, placement_node_rank=0, local_accelerator_rank=0, accelerator_type='NV_GPU', local_rank=0, local_world_size=1, visible_accelerators=['0'], isolate_accelerator=True, local_hardware_ranks=[0], node_group_label='cluster')].
[INFO 21:38:20 FlexiblePlacementStrategy] Generated 1 placements: [Placement(rank=0, cluster_node_rank=0, placement_node_rank=0, local_accelerator_rank=0, accelerator_type='NV_GPU', local_rank=0, local_world_size=1, visible_accelerators=['0'], isolate_accelerator=True, local_hardware_ranks=[0], node_group_label='cluster')].
[INFO 21:38:20 FlexiblePlacementStrategy] Generated 1 placements: [Placement(rank=0, cluster_node_rank=0, placement_node_rank=0, local_accelerator_rank=0, accelerator_type='NV_GPU', local_rank=0, local_world_size=1, visible_accelerators=['0'], isolate_accelerator=True, local_hardware_ranks=[0], node_group_label='cluster')].
[INFO 21:38:20 NodePlacementStrategy] 
[INFO 21:38:20 NodePlacementStrategy] Using node placement with node ranks: [0], node groups: ['node'].
[INFO 21:38:20 NodePlacementStrategy] Generated 1 placements: [Placement(rank=0, cluster_node_rank=0, placement_node_rank=0, local_accelerator_rank='0', accelerator_type='NV_GPU', local_rank=0, local_world_size=1, visible_accelerators=['0'], isolate_accelerator=True, local_hardware_ranks=[], node_group_label='cluster')].
[INFO 21:38:20 NodePlacementStrategy] 
[INFO 21:38:20 NodePlacementStrategy] Using node placement with node ranks: [0], node groups: ['node'].
[INFO 21:38:20 NodePlacementStrategy] Generated 1 placements: [Placement(rank=0, cluster_node_rank=0, placement_node_rank=0, local_accelerator_rank='0', accelerator_type='NV_GPU', local_rank=0, local_world_size=1, visible_accelerators=['0'], isolate_accelerator=True, local_hardware_ranks=[], node_group_label='cluster')].
[INFO 21:38:20 NodePlacementStrategy] 
[INFO 21:38:20 NodePlacementStrategy] Using node placement with node ranks: [0], node groups: ['node'].
[INFO 21:38:20 NodePlacementStrategy] Generated 1 placements: [Placement(rank=0, cluster_node_rank=0, placement_node_rank=0, local_accelerator_rank='0', accelerator_type='NV_GPU', local_rank=0, local_world_size=1, visible_accelerators=['0'], isolate_accelerator=True, local_hardware_ranks=[], node_group_label='cluster')].
wandb: WARNING Using a boolean value for 'reinit' is deprecated. Use 'return_previous' or 'finish_previous' instead.
wandb: Tracking run with wandb version 0.25.0
wandb: W&B syncing is set to `offline` in this directory. Run `wandb online` or set WANDB_MODE=online to enable cloud syncing.
wandb: Run data is saved locally in /workspace/results/d1/f2-h100-pcie-candidate-seed2026-attempt7/wandb/wandb/offline-run-20260910_213821-vpyeshpr
[36m(pid=15016)[0m WARNING: All log messages before absl::InitializeLog() is called are written to STDERR
[36m(pid=15016)[0m I0000 00:00:1789076307.578758   15016 port.cc:153] oneDNN custom operations are on. You may see slightly different numerical results due to floating-point round-off errors from different computation orders. To turn them off, set the environment variable `TF_ENABLE_ONEDNN_OPTS=0`.
[36m(MultiStepRolloutWorker pid=15014)[0m [INFO 21:38:27 FlexiblePlacementStrategy] 
[36m(MultiStepRolloutWorker pid=15014)[0m [INFO 21:38:27 FlexiblePlacementStrategy] Using flexible placement with hardware ranks: [[0]], node groups: ['cluster'].
[36m(MultiStepRolloutWorker pid=15014)[0m [INFO 21:38:27 FlexiblePlacementStrategy] 
[36m(MultiStepRolloutWorker pid=15014)[0m [INFO 21:38:27 FlexiblePlacementStrategy] Using flexible placement with hardware ranks: [[0]], node groups: ['cluster'].
[36m(MultiStepRolloutWorker pid=15014)[0m [INFO 21:38:27 FlexiblePlacementStrategy] 
[36m(MultiStepRolloutWorker pid=15014)[0m [INFO 21:38:27 FlexiblePlacementStrategy] Using flexible placement with hardware ranks: [[0]], node groups: ['cluster'].
[36m(RLTACFSDPPolicy pid=15012)[0m [W910 21:38:28.346916399 ProcessGroupNCCL.cpp:981] Warning: TORCH_NCCL_AVOID_RECORD_STREAMS is the default now, this environment variable is thus deprecated. (function operator())
[36m(RLTACFSDPPolicy pid=15012)[0m [INFO 21:38:29 ActorGroup-Rank-0][fsdp_model_manager.py:124] [FSDP] AMP is disabled.
[36m(RLTACFSDPPolicy pid=15012)[0m [INFO 21:38:29 FlexiblePlacementStrategy] 
[36m(RLTACFSDPPolicy pid=15012)[0m [INFO 21:38:29 FlexiblePlacementStrategy] Using flexible placement with hardware ranks: [[0]], node groups: ['cluster'].
[36m(RLTACFSDPPolicy pid=15012)[0m [INFO 21:38:29 FlexiblePlacementStrategy] 
[36m(RLTACFSDPPolicy pid=15012)[0m [INFO 21:38:29 FlexiblePlacementStrategy] Using flexible placement with hardware ranks: [[0]], node groups: ['cluster'].
[36m(RLTACFSDPPolicy pid=15012)[0m [INFO 21:38:29 FlexiblePlacementStrategy] 
[36m(RLTACFSDPPolicy pid=15012)[0m [INFO 21:38:29 FlexiblePlacementStrategy] Using flexible placement with hardware ranks: [[0]], node groups: ['cluster'].
[36m(RolloutGroup(rank=0) pid=15014)[0m WARNING: All log messages before absl::InitializeLog() is called are written to STDERR
[36m(RolloutGroup(rank=0) pid=15014)[0m I0000 00:00:1789076309.474651   15577 port.cc:153] oneDNN custom operations are on. You may see slightly different numerical results due to floating-point round-off errors from different computation orders. To turn them off, set the environment variable `TF_ENABLE_ONEDNN_OPTS=0`.
[36m(pid=15016)[0m WARNING: All log messages before absl::InitializeLog() is called are written to STDERR
[36m(pid=15016)[0m I0000 00:00:1789076309.921854   15016 port.cc:153] oneDNN custom operations are on. You may see slightly different numerical results due to floating-point round-off errors from different computation orders. To turn them off, set the environment variable `TF_ENABLE_ONEDNN_OPTS=0`.
[36m(EnvWorker pid=15016)[0m [INFO 21:38:31 FlexiblePlacementStrategy] 
[36m(EnvWorker pid=15016)[0m [INFO 21:38:31 FlexiblePlacementStrategy] Using flexible placement with hardware ranks: [[0]], node groups: ['cluster'].
[36m(EnvWorker pid=15016)[0m [INFO 21:38:31 FlexiblePlacementStrategy] 
[36m(EnvWorker pid=15016)[0m [INFO 21:38:31 FlexiblePlacementStrategy] Using flexible placement with hardware ranks: [[0]], node groups: ['cluster'].
[36m(EnvWorker pid=15016)[0m [INFO 21:38:31 FlexiblePlacementStrategy] 
[36m(EnvWorker pid=15016)[0m [INFO 21:38:31 FlexiblePlacementStrategy] Using flexible placement with hardware ranks: [[0]], node groups: ['cluster'].
[36m(RolloutGroup(rank=0) pid=15014)[0m WARNING: All log messages before absl::InitializeLog() is called are written to STDERR
[36m(RolloutGroup(rank=0) pid=15014)[0m I0000 00:00:1789076311.348193   15577 port.cc:153] oneDNN custom operations are on. You may see slightly different numerical results due to floating-point round-off errors from different computation orders. To turn them off, set the environment variable `TF_ENABLE_ONEDNN_OPTS=0`.
[36m(EnvGroup(rank=0) pid=15016)[0m [W910 21:38:32.028591936 ProcessGroupNCCL.cpp:981] Warning: TORCH_NCCL_AVOID_RECORD_STREAMS is the default now, this environment variable is thus deprecated. (function operator())
[36m(EnvGroup(rank=0) pid=15016)[0m [Gloo] Rank 0 is connected to 0 peer ranks. Expected number of connected peer ranks is : 0
[36m(EnvGroup(rank=0) pid=15016)[0m [Gloo] Rank 0 is connected to 0 peer ranks. Expected number of connected peer ranks is : 0
[36m(EnvGroup(rank=0) pid=15016)[0m [Gloo] Rank 0 is connected to 0 peer ranks. Expected number of connected peer ranks is : 0
[36m(RolloutGroup(rank=0) pid=15014)[0m INFO:datasets:PyTorch version 2.8.0 available.
[36m(RolloutGroup(rank=0) pid=15014)[0m INFO:datasets:Polars version 2.0.0rc1 available.
[36m(RolloutGroup(rank=0) pid=15014)[0m INFO:datasets:TensorFlow version 2.21.0 available.
[36m(RolloutGroup(rank=0) pid=15014)[0m INFO:datasets:JAX version 0.5.3 available.
[36m(EnvGroup(rank=0) pid=15016)[0m /opt/RLinf/.venv/lib/python3.11/site-packages/sapien/_vulkan_tricks.py:95: UserWarning: Failed to find glvnd ICD file. This is probably due to an incorrect or partial installation of the NVIDIA driver. SAPIEN will attempt to provide an ICD file anyway but it may not work.
[36m(EnvGroup(rank=0) pid=15016)[0m   warn(
[36m(EnvGroup(rank=0) pid=15016)[0m /opt/RLinf/.venv/lib/python3.11/site-packages/sapien/_vulkan_tricks.py:95: UserWarning: Failed to find glvnd ICD file. This is probably due to an incorrect or partial installation of the NVIDIA driver. SAPIEN will attempt to provide an ICD file anyway but it may not work.
[36m(EnvGroup(rank=0) pid=15016)[0m   warn(
[36m(EnvGroup(rank=0) pid=15016)[0m /opt/RLinf/.venv/lib/python3.11/site-packages/sapien/_vulkan_tricks.py:95: UserWarning: Failed to find glvnd ICD file. This is probably due to an incorrect or partial installation of the NVIDIA driver. SAPIEN will attempt to provide an ICD file anyway but it may not work.
[36m(EnvGroup(rank=0) pid=15016)[0m   warn(
[36m(EnvGroup(rank=0) pid=15016)[0m /opt/RLinf/.venv/lib/python3.11/site-packages/sapien/_vulkan_tricks.py:95: UserWarning: Failed to find glvnd ICD file. This is probably due to an incorrect or partial installation of the NVIDIA driver. SAPIEN will attempt to provide an ICD file anyway but it may not work.
[36m(EnvGroup(rank=0) pid=15016)[0m   warn(
[36m(EnvGroup(rank=0) pid=15016)[0m /opt/RLinf/.venv/lib/python3.11/site-packages/sapien/_vulkan_tricks.py:95: UserWarning: Failed to find glvnd ICD file. This is probably due to an incorrect or partial installation of the NVIDIA driver. SAPIEN will attempt to provide an ICD file anyway but it may not work.
[36m(EnvGroup(rank=0) pid=15016)[0m   warn(
[36m(EnvGroup(rank=0) pid=15016)[0m /opt/RLinf/.venv/lib/python3.11/site-packages/sapien/_vulkan_tricks.py:95: UserWarning: Failed to find glvnd ICD file. This is probably due to an incorrect or partial installation of the NVIDIA driver. SAPIEN will attempt to provide an ICD file anyway but it may not work.
[36m(EnvGroup(rank=0) pid=15016)[0m   warn(
[36m(EnvGroup(rank=0) pid=15016)[0m /opt/RLinf/.venv/lib/python3.11/site-packages/sapien/_vulkan_tricks.py:95: UserWarning: Failed to find glvnd ICD file. This is probably due to an incorrect or partial installation of the NVIDIA driver. SAPIEN will attempt to provide an ICD file anyway but it may not work.
[36m(EnvGroup(rank=0) pid=15016)[0m   warn(
[36m(EnvGroup(rank=0) pid=15016)[0m /opt/RLinf/.venv/lib/python3.11/site-packages/sapien/_vulkan_tricks.py:95: UserWarning: Failed to find glvnd ICD file. This is probably due to an incorrect or partial installation of the NVIDIA driver. SAPIEN will attempt to provide an ICD file anyway but it may not work.
[36m(EnvGroup(rank=0) pid=15016)[0m   warn(
[36m(EnvGroup(rank=0) pid=15016)[0m /opt/RLinf/.venv/lib/python3.11/site-packages/sapien/_vulkan_tricks.py:95: UserWarning: Failed to find glvnd ICD file. This is probably due to an incorrect or partial installation of the NVIDIA driver. SAPIEN will attempt to provide an ICD file anyway but it may not work.
[36m(EnvGroup(rank=0) pid=15016)[0m   warn(
[36m(EnvGroup(rank=0) pid=15016)[0m /opt/RLinf/.venv/lib/python3.11/site-packages/sapien/_vulkan_tricks.py:95: UserWarning: Failed to find glvnd ICD file. This is probably due to an incorrect or partial installation of the NVIDIA driver. SAPIEN will attempt to provide an ICD file anyway but it may not work.
[36m(EnvGroup(rank=0) pid=15016)[0m   warn(
[36m(EnvGroup(rank=0) pid=15016)[0m /opt/RLinf/.venv/lib/python3.11/site-packages/sapien/_vulkan_tricks.py:95: UserWarning: Failed to find glvnd ICD file. This is probably due to an incorrect or partial installation of the NVIDIA driver. SAPIEN will attempt to provide an ICD file anyway but it may not work.
[36m(EnvGroup(rank=0) pid=15016)[0m   warn(
[36m(EnvGroup(rank=0) pid=15016)[0m /opt/RLinf/.venv/lib/python3.11/site-packages/sapien/_vulkan_tricks.py:95: UserWarning: Failed to find glvnd ICD file. This is probably due to an incorrect or partial installation of the NVIDIA driver. SAPIEN will attempt to provide an ICD file anyway but it may not work.
[36m(EnvGroup(rank=0) pid=15016)[0m   warn(
[36m(EnvGroup(rank=0) pid=15016)[0m /opt/RLinf/.venv/lib/python3.11/site-packages/sapien/_vulkan_tricks.py:95: UserWarning: Failed to find glvnd ICD file. This is probably due to an incorrect or partial installation of the NVIDIA driver. SAPIEN will attempt to provide an ICD file anyway but it may not work.
[36m(EnvGroup(rank=0) pid=15016)[0m   warn(
[36m(EnvGroup(rank=0) pid=15016)[0m /opt/RLinf/.venv/lib/python3.11/site-packages/sapien/_vulkan_tricks.py:95: UserWarning: Failed to find glvnd ICD file. This is probably due to an incorrect or partial installation of the NVIDIA driver. SAPIEN will attempt to provide an ICD file anyway but it may not work.
[36m(EnvGroup(rank=0) pid=15016)[0m   warn(
[36m(EnvGroup(rank=0) pid=15016)[0m /opt/RLinf/.venv/lib/python3.11/site-packages/sapien/_vulkan_tricks.py:95: UserWarning: Failed to find glvnd ICD file. This is probably due to an incorrect or partial installation of the NVIDIA driver. SAPIEN will attempt to provide an ICD file anyway but it may not work.
[36m(EnvGroup(rank=0) pid=15016)[0m   warn(
[36m(EnvGroup(rank=0) pid=15016)[0m /opt/RLinf/.venv/lib/python3.11/site-packages/sapien/_vulkan_tricks.py:95: UserWarning: Failed to find glvnd ICD file. This is probably due to an incorrect or partial installation of the NVIDIA driver. SAPIEN will attempt to provide an ICD file anyway but it may not work.
[36m(EnvGroup(rank=0) pid=15016)[0m   warn(
[36m(EnvGroup(rank=0) pid=15016)[0m /opt/RLinf/.venv/lib/python3.11/site-packages/gymnasium/core.py:311: UserWarning: [33mWARN: env.xyz_configs to get variables from other wrappers is deprecated and will be removed in v1.0, to get this variable you can do `env.unwrapped.xyz_configs` for environment variables or `env.get_wrapper_attr('xyz_configs')` that will search the reminding wrappers.[0m
[36m(EnvGroup(rank=0) pid=15016)[0m   logger.warn(
[36m(EnvGroup(rank=0) pid=15016)[0m /opt/RLinf/.venv/lib/python3.11/site-packages/gymnasium/core.py:311: UserWarning: [33mWARN: env.xyz_configs to get variables from other wrappers is deprecated and will be removed in v1.0, to get this variable you can do `env.unwrapped.xyz_configs` for environment variables or `env.get_wrapper_attr('xyz_configs')` that will search the reminding wrappers.[0m
[36m(EnvGroup(rank=0) pid=15016)[0m   logger.warn(
[36m(EnvGroup(rank=0) pid=15016)[0m /opt/RLinf/.venv/lib/python3.11/site-packages/gymnasium/core.py:311: UserWarning: [33mWARN: env.xyz_configs to get variables from other wrappers is deprecated and will be removed in v1.0, to get this variable you can do `env.unwrapped.xyz_configs` for environment variables or `env.get_wrapper_attr('xyz_configs')` that will search the reminding wrappers.[0m
[36m(EnvGroup(rank=0) pid=15016)[0m   logger.warn(
[36m(EnvGroup(rank=0) pid=15016)[0m /opt/RLinf/.venv/lib/python3.11/site-packages/gymnasium/core.py:311: UserWarning: [33mWARN: env.xyz_configs to get variables from other wrappers is deprecated and will be removed in v1.0, to get this variable you can do `env.unwrapped.xyz_configs` for environment variables or `env.get_wrapper_attr('xyz_configs')` that will search the reminding wrappers.[0m
[36m(EnvGroup(rank=0) pid=15016)[0m   logger.warn(
[36m(EnvGroup(rank=0) pid=15016)[0m /opt/RLinf/.venv/lib/python3.11/site-packages/gymnasium/core.py:311: UserWarning: [33mWARN: env.xyz_configs to get variables from other wrappers is deprecated and will be removed in v1.0, to get this variable you can do `env.unwrapped.xyz_configs` for environment variables or `env.get_wrapper_attr('xyz_configs')` that will search the reminding wrappers.[0m
[36m(EnvGroup(rank=0) pid=15016)[0m   logger.warn(
[36m(EnvGroup(rank=0) pid=15016)[0m /opt/RLinf/.venv/lib/python3.11/site-packages/gymnasium/core.py:311: UserWarning: [33mWARN: env.xyz_configs to get variables from other wrappers is deprecated and will be removed in v1.0, to get this variable you can do `env.unwrapped.xyz_configs` for environment variables or `env.get_wrapper_attr('xyz_configs')` that will search the reminding wrappers.[0m
[36m(EnvGroup(rank=0) pid=15016)[0m   logger.warn(
[36m(EnvGroup(rank=0) pid=15016)[0m /opt/RLinf/.venv/lib/python3.11/site-packages/gymnasium/core.py:311: UserWarning: [33mWARN: env.xyz_configs to get variables from other wrappers is deprecated and will be removed in v1.0, to get this variable you can do `env.unwrapped.xyz_configs` for environment variables or `env.get_wrapper_attr('xyz_configs')` that will search the reminding wrappers.[0m
[36m(EnvGroup(rank=0) pid=15016)[0m   logger.warn(
[36m(EnvGroup(rank=0) pid=15016)[0m /opt/RLinf/.venv/lib/python3.11/site-packages/gymnasium/core.py:311: UserWarning: [33mWARN: env.xyz_configs to get variables from other wrappers is deprecated and will be removed in v1.0, to get this variable you can do `env.unwrapped.xyz_configs` for environment variables or `env.get_wrapper_attr('xyz_configs')` that will search the reminding wrappers.[0m
[36m(EnvGroup(rank=0) pid=15016)[0m   logger.warn(
[36m(EnvGroup(rank=0) pid=15016)[0m /opt/RLinf/.venv/lib/python3.11/site-packages/gymnasium/core.py:311: UserWarning: [33mWARN: env.xyz_configs to get variables from other wrappers is deprecated and will be removed in v1.0, to get this variable you can do `env.unwrapped.xyz_configs` for environment variables or `env.get_wrapper_attr('xyz_configs')` that will search the reminding wrappers.[0m
[36m(EnvGroup(rank=0) pid=15016)[0m   logger.warn(
[36m(EnvGroup(rank=0) pid=15016)[0m /opt/RLinf/.venv/lib/python3.11/site-packages/gymnasium/core.py:311: UserWarning: [33mWARN: env.xyz_configs to get variables from other wrappers is deprecated and will be removed in v1.0, to get this variable you can do `env.unwrapped.xyz_configs` for environment variables or `env.get_wrapper_attr('xyz_configs')` that will search the reminding wrappers.[0m
[36m(EnvGroup(rank=0) pid=15016)[0m   logger.warn(
[36m(EnvGroup(rank=0) pid=15016)[0m /opt/RLinf/.venv/lib/python3.11/site-packages/gymnasium/core.py:311: UserWarning: [33mWARN: env.xyz_configs to get variables from other wrappers is deprecated and will be removed in v1.0, to get this variable you can do `env.unwrapped.xyz_configs` for environment variables or `env.get_wrapper_attr('xyz_configs')` that will search the reminding wrappers.[0m
[36m(EnvGroup(rank=0) pid=15016)[0m   logger.warn(
[36m(EnvGroup(rank=0) pid=15016)[0m /opt/RLinf/.venv/lib/python3.11/site-packages/gymnasium/core.py:311: UserWarning: [33mWARN: env.xyz_configs to get variables from other wrappers is deprecated and will be removed in v1.0, to get this variable you can do `env.unwrapped.xyz_configs` for environment variables or `env.get_wrapper_attr('xyz_configs')` that will search the reminding wrappers.[0m
[36m(EnvGroup(rank=0) pid=15016)[0m   logger.warn(
[36m(EnvGroup(rank=0) pid=15016)[0m /opt/RLinf/.venv/lib/python3.11/site-packages/gymnasium/core.py:311: UserWarning: [33mWARN: env.xyz_configs to get variables from other wrappers is deprecated and will be removed in v1.0, to get this variable you can do `env.unwrapped.xyz_configs` for environment variables or `env.get_wrapper_attr('xyz_configs')` that will search the reminding wrappers.[0m
[36m(EnvGroup(rank=0) pid=15016)[0m   logger.warn(
[36m(EnvGroup(rank=0) pid=15016)[0m /opt/RLinf/.venv/lib/python3.11/site-packages/gymnasium/core.py:311: UserWarning: [33mWARN: env.xyz_configs to get variables from other wrappers is deprecated and will be removed in v1.0, to get this variable you can do `env.unwrapped.xyz_configs` for environment variables or `env.get_wrapper_attr('xyz_configs')` that will search the reminding wrappers.[0m
[36m(EnvGroup(rank=0) pid=15016)[0m   logger.warn(
[36m(EnvGroup(rank=0) pid=15016)[0m /opt/RLinf/.venv/lib/python3.11/site-packages/gymnasium/core.py:311: UserWarning: [33mWARN: env.xyz_configs to get variables from other wrappers is deprecated and will be removed in v1.0, to get this variable you can do `env.unwrapped.xyz_configs` for environment variables or `env.get_wrapper_attr('xyz_configs')` that will search the reminding wrappers.[0m
[36m(EnvGroup(rank=0) pid=15016)[0m   logger.warn(
[36m(EnvGroup(rank=0) pid=15016)[0m /opt/RLinf/.venv/lib/python3.11/site-packages/gymnasium/core.py:311: UserWarning: [33mWARN: env.xyz_configs to get variables from other wrappers is deprecated and will be removed in v1.0, to get this variable you can do `env.unwrapped.xyz_configs` for environment variables or `env.get_wrapper_attr('xyz_configs')` that will search the reminding wrappers.[0m
[36m(EnvGroup(rank=0) pid=15016)[0m   logger.warn(
[36m(RolloutGroup(rank=0) pid=15014)[0m INFO:root:Loaded norm stats from /opt/f2-norm-stats
[36m(ActorGroup(rank=0) pid=15012)[0m [INFO 21:39:36 ActorGroup-Rank-0][fsdp_sac_policy_worker.py:92] [FSDP] Gradient checkpointing is disabled
[36m(ActorGroup(rank=0) pid=15012)[0m [WARNING 21:39:36 ActorGroup-Rank-0][replay_buffer.py:263] auto_save is disabled, enabling cache with size 50000
[36m(ActorGroup(rank=0) pid=15012)[0m [Gloo] Rank 0 is connected to 1 peer ranks. Expected number of connected peer ranks is : 1
[36m(ActorGroup(rank=0) pid=15012)[0m [Gloo] Rank 0 is connected to 1 peer ranks. Expected number of connected peer ranks is : 1
[36m(RolloutGroup(rank=0) pid=15014)[0m [W910 21:39:38.042422475 ProcessGroupNCCL.cpp:981] Warning: TORCH_NCCL_AVOID_RECORD_STREAMS is the default now, this environment variable is thus deprecated. (function operator())
[36m(RolloutGroup(rank=0) pid=15014)[0m [Gloo] Rank 1 is connected to 1 peer ranks. Expected number of connected peer ranks is : 1
[36m(RolloutGroup(rank=0) pid=15014)[0m [Gloo] Rank 1 is connected to 1 peer ranks. Expected number of connected peer ranks is : 1
[36m(ActorGroup(rank=0) pid=15012)[0m [Gloo] Rank 0 is connected to 1 peer ranks. Expected number of connected peer ranks is : 1
[36m(RolloutGroup(rank=0) pid=15014)[0m [Gloo] Rank 1 is connected to 1 peer ranks. Expected number of connected peer ranks is : 1
[36m(RolloutGroup(rank=0) pid=15014)[0m 
Generating Rollout Epochs:   0%|          | 0/4 [00:00<?, ?it/s]
[36m(EnvGroup(rank=0) pid=15016)[0m [Gloo] Rank 0 is connected to 1 peer ranks. Expected number of connected peer ranks is : 1
[36m(EnvGroup(rank=0) pid=15016)[0m [Gloo] Rank 0 is connected to 1 peer ranks. Expected number of connected peer ranks is : 1
[36m(EnvGroup(rank=0) pid=15016)[0m [Gloo] Rank 0 is connected to 1 peer ranks. Expected number of connected peer ranks is : 1
[36m(Rollout(rank=0) pid=15020)[0m [Gloo] Rank 1 is connected to 1 peer ranks. Expected number of connected peer ranks is : 1
[36m(Rollout(rank=0) pid=15020)[0m [Gloo] Rank 1 is connected to 1 peer ranks. Expected number of connected peer ranks is : 1
[36m(Rollout(rank=0) pid=15020)[0m [Gloo] Rank 1 is connected to 1 peer ranks. Expected number of connected peer ranks is : 1
[36m(Rollout(rank=0) pid=15020)[0m [W910 21:39:42.861816451 ProcessGroupNCCL.cpp:981] Warning: TORCH_NCCL_AVOID_RECORD_STREAMS is the default now, this environment variable is thus deprecated. (function operator())
[36m(RolloutGroup(rank=0) pid=15014)[0m [Gloo] Rank 1 is connected to 1 peer ranks. Expected number of connected peer ranks is : 1
[36m(RolloutGroup(rank=0) pid=15014)[0m [Gloo] Rank 1 is connected to 1 peer ranks. Expected number of connected peer ranks is : 1
[36m(RolloutGroup(rank=0) pid=15014)[0m [Gloo] Rank 1 is connected to 1 peer ranks. Expected number of connected peer ranks is : 1
[36m(Rollout(rank=0) pid=15020)[0m [Gloo] Rank 0 is connected to 1 peer ranks. Expected number of connected peer ranks is : 1
[36m(Rollout(rank=0) pid=15020)[0m [Gloo] Rank 0 is connected to 1 peer ranks. Expected number of connected peer ranks is : 1
[36m(Rollout(rank=0) pid=15020)[0m [Gloo] Rank 0 is connected to 1 peer ranks. Expected number of connected peer ranks is : 1
[36m(Env(rank=0) pid=15018)[0m [Gloo] Rank 0 is connected to 1 peer ranks. Expected number of connected peer ranks is : 1
[36m(Env(rank=0) pid=15018)[0m [Gloo] Rank 0 is connected to 1 peer ranks. Expected number of connected peer ranks is : 1
[36m(Env(rank=0) pid=15018)[0m [Gloo] Rank 0 is connected to 1 peer ranks. Expected number of connected peer ranks is : 1
[36m(Env(rank=0) pid=15018)[0m [W910 21:39:46.481876702 ProcessGroupNCCL.cpp:981] Warning: TORCH_NCCL_AVOID_RECORD_STREAMS is the default now, this environment variable is thus deprecated. (function operator())
[36m(RolloutGroup(rank=0) pid=15014)[0m [Gloo] Rank 1 is connected to 1 peer ranks. Expected number of connected peer ranks is : 1
[36m(RolloutGroup(rank=0) pid=15014)[0m [Gloo] Rank 1 is connected to 1 peer ranks. Expected number of connected peer ranks is : 1
[36m(RolloutGroup(rank=0) pid=15014)[0m [Gloo] Rank 1 is connected to 1 peer ranks. Expected number of connected peer ranks is : 1
[36m(EnvGroup(rank=0) pid=15016)[0m [Gloo] Rank 1 is connected to 1 peer ranks. Expected number of connected peer ranks is : 1
[36m(EnvGroup(rank=0) pid=15016)[0m [Gloo] Rank 1 is connected to 1 peer ranks. Expected number of connected peer ranks is : 1
[36m(EnvGroup(rank=0) pid=15016)[0m [Gloo] Rank 1 is connected to 1 peer ranks. Expected number of connected peer ranks is : 1
[36m(Env(rank=0) pid=15018)[0m [Gloo] Rank 0 is connected to 1 peer ranks. Expected number of connected peer ranks is : 1
[36m(Env(rank=0) pid=15018)[0m [Gloo] Rank 0 is connected to 1 peer ranks. Expected number of connected peer ranks is : 1
[36m(Env(rank=0) pid=15018)[0m [Gloo] Rank 0 is connected to 1 peer ranks. Expected number of connected peer ranks is : 1
[36m(RolloutGroup(rank=0) pid=15014)[0m 
Generating Rollout Epochs:  25%|██▌       | 1/4 [07:08<21:25, 428.66s/it]
[36m(RolloutGroup(rank=0) pid=15014)[0m 
Generating Rollout Epochs:  50%|█████     | 2/4 [14:15<14:15, 427.78s/it]
[36m(RolloutGroup(rank=0) pid=15014)[0m 
Generating Rollout Epochs:  75%|███████▌  | 3/4 [21:41<07:16, 436.09s/it]
[36m(RolloutGroup(rank=0) pid=15014)[0m 
Generating Rollout Epochs: 100%|██████████| 4/4 [29:20<00:00, 445.12s/it]
Generating Rollout Epochs: 100%|██████████| 4/4 [29:20<00:00, 440.19s/it]
[36m(EnvGroup(rank=0) pid=15016)[0m [Gloo] Rank 1 is connected to 1 peer ranks. Expected number of connected peer ranks is : 1
[36m(EnvGroup(rank=0) pid=15016)[0m [Gloo] Rank 1 is connected to 1 peer ranks. Expected number of connected peer ranks is : 1
[36m(EnvGroup(rank=0) pid=15016)[0m [Gloo] Rank 1 is connected to 1 peer ranks. Expected number of connected peer ranks is : 1
[36m(Actor(rank=0) pid=15022)[0m [Gloo] Rank 0 is connected to 1 peer ranks. Expected number of connected peer ranks is : 1
[36m(Actor(rank=0) pid=15022)[0m [Gloo] Rank 0 is connected to 1 peer ranks. Expected number of connected peer ranks is : 1
[36m(Actor(rank=0) pid=15022)[0m [Gloo] Rank 0 is connected to 1 peer ranks. Expected number of connected peer ranks is : 1
[36m(Actor(rank=0) pid=15022)[0m [W910 22:09:02.573630050 ProcessGroupNCCL.cpp:981] Warning: TORCH_NCCL_AVOID_RECORD_STREAMS is the default now, this environment variable is thus deprecated. (function operator())
[36m(ActorGroup(rank=0) pid=15012)[0m [Gloo] Rank 1 is connected to 1 peer ranks. Expected number of connected peer ranks is : 1
[36m(ActorGroup(rank=0) pid=15012)[0m [Gloo] Rank 1 is connected to 1 peer ranks. Expected number of connected peer ranks is : 1
[36m(ActorGroup(rank=0) pid=15012)[0m [Gloo] Rank 1 is connected to 1 peer ranks. Expected number of connected peer ranks is : 1
[36m(Actor(rank=0) pid=15022)[0m [Gloo] Rank 0 is connected to 1 peer ranks. Expected number of connected peer ranks is : 1
[36m(Actor(rank=0) pid=15022)[0m [Gloo] Rank 0 is connected to 1 peer ranks. Expected number of connected peer ranks is : 1
[36m(Actor(rank=0) pid=15022)[0m [Gloo] Rank 0 is connected to 1 peer ranks. Expected number of connected peer ranks is : 1
[INFO 22:09:04 RLinf] Saving checkpoint at step 1.
[36m(ActorGroup(rank=0) pid=15012)[0m /opt/RLinf/.venv/lib/python3.11/site-packages/torch/distributed/distributed_c10d.py:4807: UserWarning: No device id is provided via `init_process_group` or `barrier `. Using the current device set by the user. 
[36m(ActorGroup(rank=0) pid=15012)[0m   warnings.warn(  # warn only once
[36m(ActorGroup(rank=0) pid=15012)[0m /opt/RLinf/.venv/lib/python3.11/site-packages/torch/distributed/distributed_c10d.py:860: UserWarning: `_get_pg_default_device` will be deprecated, it only stays for backward-compatiblity reason. If you need to find a device for object collectives, please use `_get_object_coll_device`. If you need to query the device types supported by group, please use `_device_capability(group)`. 
[36m(ActorGroup(rank=0) pid=15012)[0m   warnings.warn(
[36m(ActorGroup(rank=0) pid=15012)[0m /opt/RLinf/.venv/lib/python3.11/site-packages/torch/distributed/distributed_c10d.py:860: UserWarning: `_get_pg_default_device` will be deprecated, it only stays for backward-compatiblity reason. If you need to find a device for object collectives, please use `_get_object_coll_device`. If you need to query the device types supported by group, please use `_device_capability(group)`. 
[36m(ActorGroup(rank=0) pid=15012)[0m   warnings.warn(
[36m(ActorGroup(rank=0) pid=15012)[0m /opt/RLinf/.venv/lib/python3.11/site-packages/torch/distributed/distributed_c10d.py:4807: UserWarning: No device id is provided via `init_process_group` or `barrier `. Using the current device set by the user. 
[36m(ActorGroup(rank=0) pid=15012)[0m   warnings.warn(  # warn only once
[36m(ActorGroup(rank=0) pid=15012)[0m /opt/RLinf/.venv/lib/python3.11/site-packages/torch/distributed/distributed_c10d.py:4807: UserWarning: No device id is provided via `init_process_group` or `barrier `. Using the current device set by the user. 
[36m(ActorGroup(rank=0) pid=15012)[0m   warnings.warn(  # warn only once

╭──────────────────────────────────────────────────────────────────────────────────────────────────────────────────────╮
├──────────────────────────────────────────────────── Metric Table ────────────────────────────────────────────────────┤
│ Global Step:    1/1 │ Progress: ████████████████████████████████████████ │ 100.0%                                    │
│ Elapsed: 29:32 │ ETA: 00:00 │ Step Time: 1772.487s                                                                   │
├──────────────────────────────────────────────────────── Time ────────────────────────────────────────────────────────┤
│                                                                                                                      │
│actor/actor/compute_adv=2.07e-05       │actor/actor/recv_traj=1765.6           │actor/actor/sync_model_to_rollout=1.9…│
│cal_adv_and_returns=0.0082             │env/compute_bootstrap_rewards=0.018    │env/env/bootstrap_step=5.001          │
│env/env/send_rollout_trajectories=0.424│env/env_interact_step=1599.4           │env/interact=1761.2                   │
│env/run_interact_once=1761.2           │generate_rollouts=1765.7               │rollout/generate_one_epoch=1760.8     │
│rollout/rollout/generate=1760.8        │step=1772.5                            │sync_weights=2.428                    │
│                                                                                                                      │
├──────────────────────────────────────────────────── Environment ─────────────────────────────────────────────────────┤
│                                                                                                                      │
│actor_switch_step=25.15625             │actor_switch_step_nonzero=25.15625     │entered_actor_phase_once=0.421875     │
│episode_len=438.48438                  │num_trajectories=64                    │return=0.171875                       │
│reward=0.0017072645                    │success_once=0.171875                  │                                      │
│                                                                                                                      │
├─────────────────────────────────────────────────── Replay Buffer ────────────────────────────────────────────────────┤
│                                                                                                                      │
│cache_size=481.0                       │num_trajectories=481.0                 │total_samples=481.0                   │
│                                                                                                                      │
├─────────────────────────────────────────────────── Training/Other ───────────────────────────────────────────────────┤
│                                                                                                                      │
│replay/actor_switch_rate=0.0000        │replay/done_rate=0.017                 │replay/intervention_rate=0.0000       │
│replay/intervention_requested_rate=0.0…│replay/record_transition_rate=0.250    │replay/reward_mean=0.017              │
│replay/reward_positive_rate=0.017      │replay/transition_count=481.0          │rlt/actor_updates_run=0.0000          │
│rlt/critic_updates_run=0.0000          │rlt/desired_total_updates=0.0000       │rlt/global_min_replay_size=481.0      │
│rlt/global_total_transitions_added=481…│rlt/global_transitions_since_train=481…│rlt/max_updates_per_train_step=400.0  │
│rlt/min_replay_buffer_size=10000.0     │rlt/pending_update_budget=0.0000       │rlt/ready_for_online=0.0000           │
│rlt/should_train=0.0000                │rlt/skip_reason=1.000                  │rlt/train_every_episodes=0.0000       │
│rlt/train_every_transitions=5.000      │rlt/update_epoch=5.000                 │rlt/update_step=0.0000                │
│rlt/updates_scheduled=0.0000           │rlt/updates_to_run=0.0000              │rlt/warmup_required_updates=3.00e+04  │
│                                                                                                                      │
╰──────────────────────────────────────────────────────────────────────────────────────────────────────────────────────╯

wandb: 
wandb: Run history:
wandb:         env/actor_switch_step ▁
wandb: env/actor_switch_step_nonzero ▁
wandb:  env/entered_actor_phase_once ▁
wandb:               env/episode_len ▁
wandb:          env/num_trajectories ▁
wandb:                    env/return ▁
wandb:                    env/reward ▁
wandb:              env/success_once ▁
wandb:  time/actor/actor/compute_adv ▁
wandb:    time/actor/actor/recv_traj ▁
wandb:                           +43 ...
wandb: 
wandb: Run summary:
wandb:         env/actor_switch_step 25.15625
wandb: env/actor_switch_step_nonzero 25.15625
wandb:  env/entered_actor_phase_once 0.42188
wandb:               env/episode_len 438.48438
wandb:          env/num_trajectories 64
wandb:                    env/return 0.17188
wandb:                    env/reward 0.00171
wandb:              env/success_once 0.17188
wandb:  time/actor/actor/compute_adv 2e-05
wandb:    time/actor/actor/recv_traj 1765.61371
wandb:                           +43 ...
wandb: 
wandb: You can sync this run to the cloud by running:
wandb: wandb sync /workspace/results/d1/f2-h100-pcie-candidate-seed2026-attempt7/wandb/wandb/offline-run-20260910_213821-vpyeshpr
wandb: Find logs at: /workspace/results/d1/f2-h100-pcie-candidate-seed2026-attempt7/wandb/wandb/offline-run-20260910_213821-vpyeshpr/logs
WARNING: All log messages before absl::InitializeLog() is called are written to STDERR
I0000 00:00:1789078172.559842   28120 port.cc:153] oneDNN custom operations are on. You may see slightly different numerical results due to floating-point round-off errors from different computation orders. To turn them off, set the environment variable `TF_ENABLE_ONEDNN_OPTS=0`.
I0000 00:00:1789078172.634522   28120 cpu_feature_guard.cc:227] This TensorFlow binary is optimized to use available CPU instructions in performance-critical operations.
To enable the following instructions: AVX2 AVX512F AVX512_VNNI AVX512_BF16 AVX512_FP16 AVX_VNNI FMA, in other operations, rebuild TensorFlow with the appropriate compiler flags.
WARNING: All log messages before absl::InitializeLog() is called are written to STDERR
I0000 00:00:1789078174.808001   28120 port.cc:153] oneDNN custom operations are on. You may see slightly different numerical results due to floating-point round-off errors from different computation orders. To turn them off, set the environment variable `TF_ENABLE_ONEDNN_OPTS=0`.
/opt/RLinf/.venv/lib/python3.11/site-packages/hydra/_internal/defaults_list.py:251: UserWarning: In 'maniskill_rlt_stage2_ac_mlp': Defaults list is missing `_self_`. See https://hydra.cc/docs/1.2/upgrades/1.0_to_1.1/default_composition_order for more information
  warnings.warn(msg, UserWarning)
/opt/RLinf/.venv/lib/python3.11/site-packages/hydra/_internal/hydra.py:119: UserWarning: Future Hydra versions will no longer change working directory at job runtime by default.
See https://hydra.cc/docs/1.2/upgrades/1.1_to_1.2/changes_to_job_working_dir/ for more information.
  ret = run_job(
2026-09-10 22:09:37,462	INFO worker.py:1833 -- Connecting to existing Ray cluster at address: 172.29.150.182:6379...
2026-09-10 22:09:37,541	INFO worker.py:2024 -- Connected to Ray cluster.
[INFO 22:09:39 RLinf] RLinf is running on a cluster with 1 node and 1 accelerator. The nodes' details are: 
node_labels: []
node_rank: 0
ray_id: c42d7c5a49f905f4ea4e9d8c86ae916d6ab81dcee95c42462fde8a16
node_ip: 172.29.150.182
num_cpus: 16
python_interpreter_path: /opt/RLinf/.venv/bin/python
hardware_resources:
- type: Accelerator
  infos:
  - type: Accelerator
    model: NV_GPU:H100 PCIe
profiler_backends: []

Node groups' details are: 
label: cluster
nodes: '0'
hardware_type: Accelerator
ignore_hardware: false
env_configs: null

label: node
nodes: '0'
hardware_type: null
ignore_hardware: true
env_configs: null

[36m(_RemoteNodeProbe pid=674)[0m /opt/RLinf/rlinf/scheduler/cluster/node.py:532: UserWarning: Python interpreter used to launch Ray on node with IP 172.29.150.182 is different from that on the head node /opt/RLinf/.venv/bin/python. Keep using the current interpreter /opt/RLinf/.venv/bin/python3 on this node.
[36m(_RemoteNodeProbe pid=674)[0m   warnings.warn(
[INFO 22:09:39 FlexiblePlacementStrategy] 
[INFO 22:09:39 FlexiblePlacementStrategy] Using flexible placement with hardware ranks: [[0]], node groups: ['cluster'].
[INFO 22:09:39 FlexiblePlacementStrategy] 
[INFO 22:09:39 FlexiblePlacementStrategy] Using flexible placement with hardware ranks: [[0]], node groups: ['cluster'].
[INFO 22:09:39 FlexiblePlacementStrategy] 
[INFO 22:09:39 FlexiblePlacementStrategy] Using flexible placement with hardware ranks: [[0]], node groups: ['cluster'].
[INFO 22:09:39 FlexiblePlacementStrategy] 
[INFO 22:09:39 FlexiblePlacementStrategy] Using flexible placement with hardware ranks: [[0]], node groups: ['cluster'].
[INFO 22:09:39 FlexiblePlacementStrategy] 
[INFO 22:09:39 FlexiblePlacementStrategy] Using flexible placement with hardware ranks: [[0]], node groups: ['cluster'].
[INFO 22:09:40 FlexiblePlacementStrategy] 
[INFO 22:09:40 FlexiblePlacementStrategy] Using flexible placement with hardware ranks: [[0]], node groups: ['cluster'].
{
  "env": {
    "train": {
      "env_type": "maniskill_rlt",
      "total_num_envs": 1,
      "wrap_obs_mode": "rlt_openpi_joint",
      "use_full_state": false,
      "auto_reset": false,
      "ignore_terminations": false,
      "use_rel_reward": false,
      "reward_mode": "only_success",
      "seed": 2026,
      "group_size": 1,
      "use_fixed_reset_state_ids": false,
      "max_steps_per_rollout_epoch": 20,
      "max_episode_steps": 20,
      "rlt_policy_switch": {
        "enable": true,
        "task_mode": "critical_phase",
        "trigger_mode": "always_on",
        "latch_until_done": true,
        "auto_gate": {
          "require_grasp": true,
          "require_not_success": true,
          "near_hole_x_min": -0.16,
          "near_hole_yz_margin": 1.5,
          "fallback_hole_radius": 0.03
        },
        "expert_takeover": {
          "enable": false,
          "trigger_mode": "stalled_progress",
          "gate": {
            "require_grasp": true,
            "require_not_success": true,
            "near_hole_x_min": -0.1,
            "near_hole_yz_margin": 2.0,
            "stuck_chunks_before_takeover": 3,
            "min_x_progress": 0.003,
            "min_yz_progress": 0.0015,
            "min_score_progress": 0.002,
            "progress_yz_weight": 1.0,
            "fallback_hole_radius": 0.03
          }
        }
      },
      "video_cfg": {
        "save_video": false,
        "info_on_video": true,
        "fps": 10,
        "record_every": 1,
        "video_base_dir": "/workspace/results/d1/f2-h100-pcie-resume-source-seed2026-attempt7/video/train"
      },
      "enable_offload": false,
      "init_params": {
        "id": "PegInsertionSideWideClearance-v1",
        "num_envs": null,
        "obs_mode": "rgb",
        "control_mode": "pd_joint_delta_pos",
        "sim_backend": "cpu",
        "reward_mode": "sparse",
        "sim_config": {
          "sim_freq": 100,
          "control_freq": 10
        },
        "max_episode_steps": 20,
        "sensor_configs": {
          "shader_pack": "default",
          "width": 384,
          "height": 384
        },
        "render_mode": "all",
        "render_backend": "pci:0000:00:00.0"
      },
      "rollout_epoch": 1,
      "action_dim": 8,
      "num_action_chunks": 10,
      "ref_num_action_chunks": 10
    },
    "eval": {
      "env_type": "maniskill_rlt",
      "total_num_envs": 1,
      "wrap_obs_mode": "rlt_openpi_joint",
      "use_full_state": false,
      "auto_reset": false,
      "ignore_terminations": false,
      "use_rel_reward": false,
      "reward_mode": "only_success",
      "seed": 2026,
      "group_size": 1,
      "use_fixed_reset_state_ids": true,
      "max_steps_per_rollout_epoch": 20,
      "max_episode_steps": 20,
      "rlt_policy_switch": {
        "enable": true,
        "task_mode": "full_task",
        "trigger_mode": "auto",
        "latch_until_done": true,
        "auto_gate": {
          "require_grasp": true,
          "require_not_success": true,
          "near_hole_x_min": -0.16,
          "near_hole_yz_margin": 1.5,
          "fallback_hole_radius": 0.03
        },
        "expert_takeover": {
          "enable": false,
          "trigger_mode": "stalled_progress",
          "gate": {
            "require_grasp": true,
            "require_not_success": true,
            "near_hole_x_min": -0.1,
            "near_hole_yz_margin": 2.0,
            "stuck_chunks_before_takeover": 3,
            "min_x_progress": 0.003,
            "min_yz_progress": 0.0015,
            "min_score_progress": 0.002,
            "progress_yz_weight": 1.0,
            "fallback_hole_radius": 0.03
          }
        }
      },
      "video_cfg": {
        "save_video": false,
        "info_on_video": true,
        "fps": 10,
        "record_every": 1,
        "video_base_dir": "/workspace/results/d1/f2-h100-pcie-resume-source-seed2026-attempt7/video/eval"
      },
      "enable_offload": false,
      "init_params": {
        "id": "PegInsertionSideWideClearance-v1",
        "num_envs": null,
        "obs_mode": "rgb",
        "control_mode": "pd_joint_delta_pos",
        "sim_backend": "cpu",
        "reward_mode": "sparse",
        "sim_config": {
          "sim_freq": 100,
          "control_freq": 10
        },
        "max_episode_steps": 20,
        "sensor_configs": {
          "shader_pack": "default",
          "width": 384,
          "height": 384
        },
        "render_mode": "all",
        "render_backend": "pci:0000:00:00.0"
      },
      "rollout_epoch": 1,
      "policy_mode": "eval",
      "action_dim": 8,
      "num_action_chunks": 10,
      "ref_num_action_chunks": 10
    },
    "group_name": "EnvGroup"
  },
  "actor": {
    "fsdp_config": {
      "strategy": "fsdp",
      "sharding_strategy": "no_shard",
      "gradient_checkpointing": false,
      "cpu_offload": false,
      "offload_pin_memory": false,
      "reshard_after_forward": true,
      "enable_gradient_accumulation": true,
      "forward_prefetch": false,
      "limit_all_gathers": false,
      "backward_prefetch": null,
      "use_orig_params": false,
      "use_liger_kernel": false,
      "mixed_precision": {
        "param_dtype": "fp32",
        "reduce_dtype": "fp32",
        "buffer_dtype": "fp32"
      },
      "amp_autocast": {
        "enabled": false,
        "precision": "bf16"
      },
      "grad_scaler": {
        "enabled": false,
        "init_scale": null,
        "growth_interval": null
      }
    },
    "group_name": "ActorGroup",
    "training_backend": "fsdp",
    "micro_batch_size": 1,
    "global_batch_size": 1,
    "seed": 2026,
    "enable_offload": false,
    "model": {
      "model_type": "rlt_mlp_policy",
      "precision": "fp32",
      "policy_setup": "panda-qpos",
      "action_dim": 8,
      "num_action_chunks": 10,
      "ref_num_action_chunks": 10,
      "z_dim": 2048,
      "proprio_dim": 9,
      "add_value_head": false,
      "add_q_head": true,
      "q_head_type": "default",
      "fixed_std": 0.002,
      "is_lora": false,
      "lora_rank": 32
    },
    "optim": {
      "clip_grad": 10.0,
      "lr": 0.0001,
      "lr_scheduler": "torch_constant"
    },
    "critic_optim": {
      "clip_grad": 10.0,
      "lr": 0.0001,
      "lr_scheduler": "torch_constant"
    }
  },
  "weight_syncer": {
    "type": "patch",
    "patch": {
      "snapshot_device": "cpu",
      "delta_encoding": true,
      "compression": "none",
      "init_sync": {
        "enabled": true,
        "prefixes": null,
        "bucket_size": 134217728
      },
      "transport_device": "cpu"
    }
  },
  "cluster": {
    "num_nodes": 1,
    "component_placement": {
      "actor": "0-0",
      "env": "all",
      "rollout": "all"
    }
  },
  "runner": {
    "task_type": "embodied",
    "logger": {
      "log_path": "/workspace/results/d1/f2-h100-pcie-resume-source-seed2026-attempt7",
      "project_name": "qualia-rlt-d1",
      "experiment_name": "maniskill_rlt_stage2_ac_mlp",
      "logger_backends": [
        "wandb"
      ]
    },
    "max_epochs": 5000,
    "max_steps": 1,
    "only_eval": false,
    "weight_sync_interval": 1,
    "val_check_interval": -1,
    "save_interval": 1,
    "resume_dir": null,
    "ckpt_path": null,
    "per_worker_log": false,
    "per_worker_log_path": null,
    "overlap_env_bootstrap": false
  },
  "algorithm": {
    "update_epoch": 1,
    "rlt_schedule": {
      "enable": true,
      "max_updates_per_train_step": 1,
      "warmup_min_size": 1,
      "warmup_post_collect_updates": 1,
      "train_every_episodes": 0,
      "train_every_transitions": 1
    },
    "group_size": 1,
    "adv_type": "embodied_sac",
    "loss_type": "rlt_ac",
    "loss_agg_func": "token-mean",
    "agg_q": "min",
    "actor_agg_q": "q1",
    "enable_drq": false,
    "q_head_type": "default",
    "bootstrap_type": "standard",
    "gamma": 0.96,
    "tau": 0.005,
    "q_weight": 1.0,
    "bc_weight": 1.0,
    "reference_dropout_prob": 0.5,
    "actor_weight_schedule": {
      "enable": true,
      "warmup_updates": 1,
      "ramp_updates": 0,
      "warmup_bc_weight": 5.6,
      "warmup_q_weight": 0.05,
      "online_bc_weight": 2,
      "online_q_weight": 0.45
    },
    "entropy_tuning": {
      "alpha_type": "fixed_alpha",
      "initial_alpha": 0.0,
      "optim": {
        "lr": 0.0003,
        "lr_scheduler": "torch_constant",
        "clip_grad": 10.0
      }
    },
    "replay_buffer": {
      "enable_cache": true,
      "cache_size": 10000,
      "sample_window_size": 50000,
      "max_num_samples": 50000,
      "min_buffer_size": 1,
      "auto_save": false
    },
    "target_update_freq": 1,
    "target_update_type": "all",
    "train_actor_steps": 1000,
    "critic_actor_ratio": 1,
    "critic_subsample_size": 0,
    "backup_entropy": false
  },
  "rollout": {
    "group_name": "RolloutGroup",
    "backend": "huggingface",
    "enable_offload": false,
    "pipeline_stage_num": 1,
    "collect_transitions": true,
    "collect_prev_infos": true,
    "model": {
      "model_type": "rlt_mlp_policy",
      "model_path": "",
      "precision": "fp32",
      "policy_setup": "panda-qpos",
      "action_dim": 8,
      "num_action_chunks": 10,
      "ref_num_action_chunks": 10,
      "z_dim": 2048,
      "proprio_dim": 9,
      "add_q_head": true,
      "q_head_type": "default",
      "fixed_std": 0.002,
      "is_lora": false,
      "lora_rank": 32
    },
    "rlt_feature_model": {
      "model_type": "openpi",
      "model_path": "/workspace/checkpoints/stage1-step-500-actor",
      "precision": null,
      "num_action_chunks": 10,
      "action_dim": 8,
      "add_value_head": false,
      "is_lora": false,
      "lora_rank": 32,
      "openpi_data": {
        "repo_id": "maniskill_peginsertionside_joint",
        "default_prompt": "insert the peg in the hole",
        "norm_stats_path": "/opt/f2-norm-stats/norm_stats.json"
      },
      "openpi": {
        "config_name": "pi05_rlt_maniskill_joint",
        "num_images_in_input": 2,
        "action_chunk": 10,
        "action_horizon": 10,
        "action_env_dim": 8,
        "num_steps": 5,
        "train_expert_only": false,
        "add_value_head": false,
        "detach_critic_input": true,
        "use_rlt": true,
        "rlt_alpha": 1.0,
        "rlt_input_dim": 2048,
        "rlt_embed_dim": 2048,
        "rlt_num_rl_tokens": 1,
        "rlt_prefix_seq_len": 1024,
        "rlt_num_layers": 2,
        "rlt_num_heads": 8,
        "rlt_mlp_ratio": 4.0,
        "rlt_encoder_type": "append_self_attention",
        "rlt_image_only": false,
        "rlt_use_mask": true
      }
    },
    "expert_model": null,
    "enable_torch_compile": false,
    "enable_cuda_graph": false
  },
  "reward": {
    "use_reward_model": false
  },
  "critic": {
    "use_critic_model": false
  }
}
[INFO 22:09:40 FlexiblePlacementStrategy] 
[INFO 22:09:40 FlexiblePlacementStrategy] Using flexible placement with hardware ranks: [[0]], node groups: ['cluster'].
[INFO 22:09:40 FlexiblePlacementStrategy] 
[INFO 22:09:40 FlexiblePlacementStrategy] Using flexible placement with hardware ranks: [[0]], node groups: ['cluster'].
[INFO 22:09:40 FlexiblePlacementStrategy] 
[INFO 22:09:40 FlexiblePlacementStrategy] Using flexible placement with hardware ranks: [[0]], node groups: ['cluster'].
[INFO 22:09:40 FlexiblePlacementStrategy] Generated 1 placements: [Placement(rank=0, cluster_node_rank=0, placement_node_rank=0, local_accelerator_rank=0, accelerator_type='NV_GPU', local_rank=0, local_world_size=1, visible_accelerators=['0'], isolate_accelerator=True, local_hardware_ranks=[0], node_group_label='cluster')].
[INFO 22:09:40 FlexiblePlacementStrategy] Generated 1 placements: [Placement(rank=0, cluster_node_rank=0, placement_node_rank=0, local_accelerator_rank=0, accelerator_type='NV_GPU', local_rank=0, local_world_size=1, visible_accelerators=['0'], isolate_accelerator=True, local_hardware_ranks=[0], node_group_label='cluster')].
[INFO 22:09:40 FlexiblePlacementStrategy] Generated 1 placements: [Placement(rank=0, cluster_node_rank=0, placement_node_rank=0, local_accelerator_rank=0, accelerator_type='NV_GPU', local_rank=0, local_world_size=1, visible_accelerators=['0'], isolate_accelerator=True, local_hardware_ranks=[0], node_group_label='cluster')].
[INFO 22:09:40 NodePlacementStrategy] 
[INFO 22:09:40 NodePlacementStrategy] Using node placement with node ranks: [0], node groups: ['node'].
[INFO 22:09:40 NodePlacementStrategy] Generated 1 placements: [Placement(rank=0, cluster_node_rank=0, placement_node_rank=0, local_accelerator_rank='0', accelerator_type='NV_GPU', local_rank=0, local_world_size=1, visible_accelerators=['0'], isolate_accelerator=True, local_hardware_ranks=[], node_group_label='cluster')].
[INFO 22:09:40 NodePlacementStrategy] 
[INFO 22:09:40 NodePlacementStrategy] Using node placement with node ranks: [0], node groups: ['node'].
[INFO 22:09:40 NodePlacementStrategy] Generated 1 placements: [Placement(rank=0, cluster_node_rank=0, placement_node_rank=0, local_accelerator_rank='0', accelerator_type='NV_GPU', local_rank=0, local_world_size=1, visible_accelerators=['0'], isolate_accelerator=True, local_hardware_ranks=[], node_group_label='cluster')].
[INFO 22:09:40 NodePlacementStrategy] 
[INFO 22:09:40 NodePlacementStrategy] Using node placement with node ranks: [0], node groups: ['node'].
[INFO 22:09:40 NodePlacementStrategy] Generated 1 placements: [Placement(rank=0, cluster_node_rank=0, placement_node_rank=0, local_accelerator_rank='0', accelerator_type='NV_GPU', local_rank=0, local_world_size=1, visible_accelerators=['0'], isolate_accelerator=True, local_hardware_ranks=[], node_group_label='cluster')].
wandb: WARNING Using a boolean value for 'reinit' is deprecated. Use 'return_previous' or 'finish_previous' instead.
wandb: Tracking run with wandb version 0.25.0
wandb: W&B syncing is set to `offline` in this directory. Run `wandb online` or set WANDB_MODE=online to enable cloud syncing.
wandb: Run data is saved locally in /workspace/results/d1/f2-h100-pcie-resume-source-seed2026-attempt7/wandb/wandb/offline-run-20260910_220941-zcrn0kxf
[36m(pid=28331)[0m WARNING: All log messages before absl::InitializeLog() is called are written to STDERR
[36m(pid=28331)[0m I0000 00:00:1789078187.724007   28331 port.cc:153] oneDNN custom operations are on. You may see slightly different numerical results due to floating-point round-off errors from different computation orders. To turn them off, set the environment variable `TF_ENABLE_ONEDNN_OPTS=0`.
[36m(MultiStepRolloutWorker pid=28329)[0m [INFO 22:09:47 FlexiblePlacementStrategy] 
[36m(MultiStepRolloutWorker pid=28329)[0m [INFO 22:09:47 FlexiblePlacementStrategy] Using flexible placement with hardware ranks: [[0]], node groups: ['cluster'].
[36m(MultiStepRolloutWorker pid=28329)[0m [INFO 22:09:47 FlexiblePlacementStrategy] 
[36m(MultiStepRolloutWorker pid=28329)[0m [INFO 22:09:47 FlexiblePlacementStrategy] Using flexible placement with hardware ranks: [[0]], node groups: ['cluster'].
[36m(MultiStepRolloutWorker pid=28329)[0m [INFO 22:09:47 FlexiblePlacementStrategy] 
[36m(MultiStepRolloutWorker pid=28329)[0m [INFO 22:09:47 FlexiblePlacementStrategy] Using flexible placement with hardware ranks: [[0]], node groups: ['cluster'].
[36m(RLTACFSDPPolicy pid=28327)[0m [W910 22:09:48.498303535 ProcessGroupNCCL.cpp:981] Warning: TORCH_NCCL_AVOID_RECORD_STREAMS is the default now, this environment variable is thus deprecated. (function operator())
[36m(RLTACFSDPPolicy pid=28327)[0m [INFO 22:09:49 FlexiblePlacementStrategy] 
[36m(RLTACFSDPPolicy pid=28327)[0m [INFO 22:09:49 FlexiblePlacementStrategy] Using flexible placement with hardware ranks: [[0]], node groups: ['cluster'].
[36m(RLTACFSDPPolicy pid=28327)[0m [INFO 22:09:49 FlexiblePlacementStrategy] 
[36m(RLTACFSDPPolicy pid=28327)[0m [INFO 22:09:49 FlexiblePlacementStrategy] Using flexible placement with hardware ranks: [[0]], node groups: ['cluster'].
[36m(RLTACFSDPPolicy pid=28327)[0m [INFO 22:09:49 FlexiblePlacementStrategy] 
[36m(RLTACFSDPPolicy pid=28327)[0m [INFO 22:09:49 FlexiblePlacementStrategy] Using flexible placement with hardware ranks: [[0]], node groups: ['cluster'].
[36m(RLTACFSDPPolicy pid=28327)[0m [INFO 22:09:49 ActorGroup-Rank-0][fsdp_model_manager.py:124] [FSDP] AMP is disabled.
[36m(RolloutGroup(rank=0) pid=28329)[0m WARNING: All log messages before absl::InitializeLog() is called are written to STDERR
[36m(RolloutGroup(rank=0) pid=28329)[0m I0000 00:00:1789078189.583438   28968 port.cc:153] oneDNN custom operations are on. You may see slightly different numerical results due to floating-point round-off errors from different computation orders. To turn them off, set the environment variable `TF_ENABLE_ONEDNN_OPTS=0`.
[36m(pid=28331)[0m WARNING: All log messages before absl::InitializeLog() is called are written to STDERR
[36m(pid=28331)[0m I0000 00:00:1789078190.040075   28331 port.cc:153] oneDNN custom operations are on. You may see slightly different numerical results due to floating-point round-off errors from different computation orders. To turn them off, set the environment variable `TF_ENABLE_ONEDNN_OPTS=0`.
[36m(EnvWorker pid=28331)[0m [INFO 22:09:51 FlexiblePlacementStrategy] 
[36m(EnvWorker pid=28331)[0m [INFO 22:09:51 FlexiblePlacementStrategy] Using flexible placement with hardware ranks: [[0]], node groups: ['cluster'].
[36m(EnvWorker pid=28331)[0m [INFO 22:09:51 FlexiblePlacementStrategy] 
[36m(EnvWorker pid=28331)[0m [INFO 22:09:51 FlexiblePlacementStrategy] Using flexible placement with hardware ranks: [[0]], node groups: ['cluster'].
[36m(EnvWorker pid=28331)[0m [INFO 22:09:51 FlexiblePlacementStrategy] 
[36m(EnvWorker pid=28331)[0m [INFO 22:09:51 FlexiblePlacementStrategy] Using flexible placement with hardware ranks: [[0]], node groups: ['cluster'].
[36m(RolloutGroup(rank=0) pid=28329)[0m WARNING: All log messages before absl::InitializeLog() is called are written to STDERR
[36m(RolloutGroup(rank=0) pid=28329)[0m I0000 00:00:1789078191.533165   28968 port.cc:153] oneDNN custom operations are on. You may see slightly different numerical results due to floating-point round-off errors from different computation orders. To turn them off, set the environment variable `TF_ENABLE_ONEDNN_OPTS=0`.
[36m(EnvGroup(rank=0) pid=28331)[0m [Gloo] Rank 0 is connected to 0 peer ranks. Expected number of connected peer ranks is : 0
[36m(EnvGroup(rank=0) pid=28331)[0m [Gloo] Rank 0 is connected to 0 peer ranks. Expected number of connected peer ranks is : 0
[36m(EnvGroup(rank=0) pid=28331)[0m [Gloo] Rank 0 is connected to 0 peer ranks. Expected number of connected peer ranks is : 0
[36m(EnvGroup(rank=0) pid=28331)[0m [W910 22:09:52.218368825 ProcessGroupNCCL.cpp:981] Warning: TORCH_NCCL_AVOID_RECORD_STREAMS is the default now, this environment variable is thus deprecated. (function operator())
[36m(RolloutGroup(rank=0) pid=28329)[0m INFO:datasets:PyTorch version 2.8.0 available.
[36m(RolloutGroup(rank=0) pid=28329)[0m INFO:datasets:Polars version 2.0.0rc1 available.
[36m(RolloutGroup(rank=0) pid=28329)[0m INFO:datasets:TensorFlow version 2.21.0 available.
[36m(RolloutGroup(rank=0) pid=28329)[0m INFO:datasets:JAX version 0.5.3 available.
[36m(EnvGroup(rank=0) pid=28331)[0m /opt/RLinf/.venv/lib/python3.11/site-packages/sapien/_vulkan_tricks.py:95: UserWarning: Failed to find glvnd ICD file. This is probably due to an incorrect or partial installation of the NVIDIA driver. SAPIEN will attempt to provide an ICD file anyway but it may not work.
[36m(EnvGroup(rank=0) pid=28331)[0m   warn(
[36m(EnvGroup(rank=0) pid=28331)[0m /opt/RLinf/.venv/lib/python3.11/site-packages/gymnasium/core.py:311: UserWarning: [33mWARN: env.xyz_configs to get variables from other wrappers is deprecated and will be removed in v1.0, to get this variable you can do `env.unwrapped.xyz_configs` for environment variables or `env.get_wrapper_attr('xyz_configs')` that will search the reminding wrappers.[0m
[36m(EnvGroup(rank=0) pid=28331)[0m   logger.warn(
[36m(RolloutGroup(rank=0) pid=28329)[0m INFO:root:Loaded norm stats from /opt/f2-norm-stats
[36m(ActorGroup(rank=0) pid=28327)[0m [INFO 22:10:51 ActorGroup-Rank-0][fsdp_sac_policy_worker.py:92] [FSDP] Gradient checkpointing is disabled
[36m(ActorGroup(rank=0) pid=28327)[0m [WARNING 22:10:51 ActorGroup-Rank-0][replay_buffer.py:263] auto_save is disabled, enabling cache with size 50000
[36m(ActorGroup(rank=0) pid=28327)[0m [Gloo] Rank 0 is connected to 1 peer ranks. Expected number of connected peer ranks is : 1
[36m(RolloutGroup(rank=0) pid=28329)[0m [Gloo] Rank 1 is connected to 1 peer ranks. Expected number of connected peer ranks is : 1
[36m(RolloutGroup(rank=0) pid=28329)[0m [Gloo] Rank 1 is connected to 1 peer ranks. Expected number of connected peer ranks is : 1
[36m(RolloutGroup(rank=0) pid=28329)[0m [W910 22:10:53.141538390 ProcessGroupNCCL.cpp:981] Warning: TORCH_NCCL_AVOID_RECORD_STREAMS is the default now, this environment variable is thus deprecated. (function operator())
[36m(ActorGroup(rank=0) pid=28327)[0m [Gloo] Rank 0 is connected to 1 peer ranks. Expected number of connected peer ranks is : 1
[36m(ActorGroup(rank=0) pid=28327)[0m [Gloo] Rank 0 is connected to 1 peer ranks. Expected number of connected peer ranks is : 1
[36m(RolloutGroup(rank=0) pid=28329)[0m [Gloo] Rank 1 is connected to 1 peer ranks. Expected number of connected peer ranks is : 1
[36m(RolloutGroup(rank=0) pid=28329)[0m 
Generating Rollout Epochs:   0%|          | 0/1 [00:00<?, ?it/s]
[36m(EnvGroup(rank=0) pid=28331)[0m [Gloo] Rank 0 is connected to 1 peer ranks. Expected number of connected peer ranks is : 1
[36m(EnvGroup(rank=0) pid=28331)[0m [Gloo] Rank 0 is connected to 1 peer ranks. Expected number of connected peer ranks is : 1
[36m(EnvGroup(rank=0) pid=28331)[0m [Gloo] Rank 0 is connected to 1 peer ranks. Expected number of connected peer ranks is : 1
[36m(Rollout(rank=0) pid=28335)[0m [Gloo] Rank 1 is connected to 1 peer ranks. Expected number of connected peer ranks is : 1
[36m(Rollout(rank=0) pid=28335)[0m [Gloo] Rank 1 is connected to 1 peer ranks. Expected number of connected peer ranks is : 1
[36m(Rollout(rank=0) pid=28335)[0m [Gloo] Rank 1 is connected to 1 peer ranks. Expected number of connected peer ranks is : 1
[36m(Rollout(rank=0) pid=28335)[0m [W910 22:10:57.979604805 ProcessGroupNCCL.cpp:981] Warning: TORCH_NCCL_AVOID_RECORD_STREAMS is the default now, this environment variable is thus deprecated. (function operator())
[36m(RolloutGroup(rank=0) pid=28329)[0m [Gloo] Rank 1 is connected to 1 peer ranks. Expected number of connected peer ranks is : 1
[36m(RolloutGroup(rank=0) pid=28329)[0m [Gloo] Rank 1 is connected to 1 peer ranks. Expected number of connected peer ranks is : 1
[36m(RolloutGroup(rank=0) pid=28329)[0m [Gloo] Rank 1 is connected to 1 peer ranks. Expected number of connected peer ranks is : 1
[36m(Rollout(rank=0) pid=28335)[0m [Gloo] Rank 0 is connected to 1 peer ranks. Expected number of connected peer ranks is : 1
[36m(Rollout(rank=0) pid=28335)[0m [Gloo] Rank 0 is connected to 1 peer ranks. Expected number of connected peer ranks is : 1
[36m(Rollout(rank=0) pid=28335)[0m [Gloo] Rank 0 is connected to 1 peer ranks. Expected number of connected peer ranks is : 1
[36m(RolloutGroup(rank=0) pid=28329)[0m [Gloo] Rank 1 is connected to 1 peer ranks. Expected number of connected peer ranks is : 1
[36m(RolloutGroup(rank=0) pid=28329)[0m [Gloo] Rank 1 is connected to 1 peer ranks. Expected number of connected peer ranks is : 1
[36m(RolloutGroup(rank=0) pid=28329)[0m [Gloo] Rank 1 is connected to 1 peer ranks. Expected number of connected peer ranks is : 1
[36m(Env(rank=0) pid=28333)[0m [W910 22:11:01.225357113 ProcessGroupNCCL.cpp:981] Warning: TORCH_NCCL_AVOID_RECORD_STREAMS is the default now, this environment variable is thus deprecated. (function operator())
[36m(Env(rank=0) pid=28333)[0m [Gloo] Rank 0 is connected to 1 peer ranks. Expected number of connected peer ranks is : 1
[36m(Env(rank=0) pid=28333)[0m [Gloo] Rank 0 is connected to 1 peer ranks. Expected number of connected peer ranks is : 1
[36m(Env(rank=0) pid=28333)[0m [Gloo] Rank 0 is connected to 1 peer ranks. Expected number of connected peer ranks is : 1
[36m(EnvGroup(rank=0) pid=28331)[0m [Gloo] Rank 1 is connected to 1 peer ranks. Expected number of connected peer ranks is : 1
[36m(EnvGroup(rank=0) pid=28331)[0m [Gloo] Rank 1 is connected to 1 peer ranks. Expected number of connected peer ranks is : 1
[36m(EnvGroup(rank=0) pid=28331)[0m [Gloo] Rank 1 is connected to 1 peer ranks. Expected number of connected peer ranks is : 1
[36m(Env(rank=0) pid=28333)[0m [Gloo] Rank 0 is connected to 1 peer ranks. Expected number of connected peer ranks is : 1
[36m(Env(rank=0) pid=28333)[0m [Gloo] Rank 0 is connected to 1 peer ranks. Expected number of connected peer ranks is : 1
[36m(Env(rank=0) pid=28333)[0m [Gloo] Rank 0 is connected to 1 peer ranks. Expected number of connected peer ranks is : 1
[36m(RolloutGroup(rank=0) pid=28329)[0m 
Generating Rollout Epochs: 100%|██████████| 1/1 [00:26<00:00, 26.47s/it]
Generating Rollout Epochs: 100%|██████████| 1/1 [00:26<00:00, 26.47s/it]
[36m(EnvGroup(rank=0) pid=28331)[0m [Gloo] Rank 1 is connected to 1 peer ranks. Expected number of connected peer ranks is : 1
[36m(EnvGroup(rank=0) pid=28331)[0m [Gloo] Rank 1 is connected to 1 peer ranks. Expected number of connected peer ranks is : 1
[36m(EnvGroup(rank=0) pid=28331)[0m [Gloo] Rank 1 is connected to 1 peer ranks. Expected number of connected peer ranks is : 1
[36m(Actor(rank=0) pid=28337)[0m [W910 22:11:22.195465038 ProcessGroupNCCL.cpp:981] Warning: TORCH_NCCL_AVOID_RECORD_STREAMS is the default now, this environment variable is thus deprecated. (function operator())
[36m(Actor(rank=0) pid=28337)[0m [Gloo] Rank 0 is connected to 1 peer ranks. Expected number of connected peer ranks is : 1
[36m(Actor(rank=0) pid=28337)[0m [Gloo] Rank 0 is connected to 1 peer ranks. Expected number of connected peer ranks is : 1
[36m(Actor(rank=0) pid=28337)[0m [Gloo] Rank 0 is connected to 1 peer ranks. Expected number of connected peer ranks is : 1
[36m(ActorGroup(rank=0) pid=28327)[0m [Gloo] Rank 1 is connected to 1 peer ranks. Expected number of connected peer ranks is : 1
[36m(ActorGroup(rank=0) pid=28327)[0m [Gloo] Rank 1 is connected to 1 peer ranks. Expected number of connected peer ranks is : 1
[36m(ActorGroup(rank=0) pid=28327)[0m [Gloo] Rank 1 is connected to 1 peer ranks. Expected number of connected peer ranks is : 1
[36m(Actor(rank=0) pid=28337)[0m [Gloo] Rank 0 is connected to 1 peer ranks. Expected number of connected peer ranks is : 1
[36m(Actor(rank=0) pid=28337)[0m [Gloo] Rank 0 is connected to 1 peer ranks. Expected number of connected peer ranks is : 1
[36m(Actor(rank=0) pid=28337)[0m [Gloo] Rank 0 is connected to 1 peer ranks. Expected number of connected peer ranks is : 1
[INFO 22:11:25 RLinf] Saving checkpoint at step 1.
[36m(ActorGroup(rank=0) pid=28327)[0m /opt/RLinf/.venv/lib/python3.11/site-packages/torch/distributed/distributed_c10d.py:4807: UserWarning: No device id is provided via `init_process_group` or `barrier `. Using the current device set by the user. 
[36m(ActorGroup(rank=0) pid=28327)[0m   warnings.warn(  # warn only once
[36m(ActorGroup(rank=0) pid=28327)[0m /opt/RLinf/.venv/lib/python3.11/site-packages/torch/distributed/distributed_c10d.py:860: UserWarning: `_get_pg_default_device` will be deprecated, it only stays for backward-compatiblity reason. If you need to find a device for object collectives, please use `_get_object_coll_device`. If you need to query the device types supported by group, please use `_device_capability(group)`. 
[36m(ActorGroup(rank=0) pid=28327)[0m   warnings.warn(
[36m(ActorGroup(rank=0) pid=28327)[0m /opt/RLinf/.venv/lib/python3.11/site-packages/torch/distributed/distributed_c10d.py:860: UserWarning: `_get_pg_default_device` will be deprecated, it only stays for backward-compatiblity reason. If you need to find a device for object collectives, please use `_get_object_coll_device`. If you need to query the device types supported by group, please use `_device_capability(group)`. 
[36m(ActorGroup(rank=0) pid=28327)[0m   warnings.warn(
[36m(ActorGroup(rank=0) pid=28327)[0m /opt/RLinf/.venv/lib/python3.11/site-packages/torch/distributed/distributed_c10d.py:4807: UserWarning: No device id is provided via `init_process_group` or `barrier `. Using the current device set by the user. 
[36m(ActorGroup(rank=0) pid=28327)[0m   warnings.warn(  # warn only once

╭──────────────────────────────────────────────────────────────────────────────────────────────────────────────────────╮
├──────────────────────────────────────────────────── Metric Table ────────────────────────────────────────────────────┤
│ Global Step:    1/1 │ Progress: ████████████████████████████████████████ │ 100.0%                                    │
│ Elapsed: 00:33 │ ETA: 00:00 │ Step Time: 33.663s                                                                     │
├──────────────────────────────────────────────────────── Time ────────────────────────────────────────────────────────┤
│                                                                                                                      │
│actor/actor/compute_adv=2.75e-05       │actor/actor/recv_traj=30.165           │actor/actor/sync_model_to_rollout=1.9…│
│actor/forward_actor=0.017              │actor/forward_critic=0.345             │actor/sample=0.0019                   │
│actor/update_one_epoch=0.578           │cal_adv_and_returns=0.0049             │env/compute_bootstrap_rewards=2.16e-04│
│env/env/bootstrap_step=1.305           │env/env/send_rollout_trajectories=0.366│env/env_interact_step=16.731          │
│env/interact=26.850                    │env/run_interact_once=26.850           │generate_rollouts=30.257              │
│rollout/generate_one_epoch=26.467      │rollout/rollout/generate=26.470        │step=33.633                           │
│sync_weights=2.374                     │                                       │                                      │
│                                                                                                                      │
├──────────────────────────────────────────────────── Environment ─────────────────────────────────────────────────────┤
│                                                                                                                      │
│actor_switch_step=0.0                  │actor_switch_step_nonzero=0.0          │entered_actor_phase_once=1.0          │
│episode_len=20.0                       │num_trajectories=1                     │return=0.0                            │
│reward=0.0                             │success_once=0.0                       │                                      │
│                                                                                                                      │
├─────────────────────────────────────────────────── Replay Buffer ────────────────────────────────────────────────────┤
│                                                                                                                      │
│cache_size=1.000                       │num_trajectories=1.000                 │total_samples=1.000                   │
│                                                                                                                      │
├─────────────────────────────────────────────────── Training/Actor ───────────────────────────────────────────────────┤
│                                                                                                                      │
│actor/action_ref_abs_mean=0.194        │actor/actor_weight_in_warmup=1.000     │actor/actor_weight_ramp_progress=0.00…│
│actor/actor_weight_schedule_enabled=1.…│actor/bc_human_loss=0.0000             │actor/bc_loss=0.117                   │
│actor/bc_ref_loss=0.117                │actor/bc_weight=5.600                  │actor/entropy=-393.9                  │
│actor/grad_norm=6.290                  │actor/human_mask_ratio=0.0000          │actor/lr=1.00e-04                     │
│actor/policy_mask_ratio=1.000          │actor/q_pi=0.152                       │actor/q_value_0=0.152                 │
│actor/q_value_1=0.031                  │actor/q_weight=0.050                   │actor/reference_dropout_prob=0.500    │
│actor/weighted_bc=0.656                │actor/weighted_q=0.0076                │                                      │
│                                                                                                                      │
├────────────────────────────────────────────────── Training/Critic ───────────────────────────────────────────────────┤
│                                                                                                                      │
│critic/grad_norm=4.264                 │critic/lr=1.00e-04                     │critic/q_data=0.088                   │
│                                                                                                                      │
├─────────────────────────────────────────────────── Training/Other ───────────────────────────────────────────────────┤
│                                                                                                                      │
│alpha/grad_norm=0.0000                 │replay/actor_switch_rate=0.0000        │replay/done_rate=1.000                │
│replay/intervention_rate=0.0000        │replay/intervention_requested_rate=0.0…│replay/record_transition_rate=0.500   │
│replay/reward_mean=0.0000              │replay/reward_positive_rate=0.0000     │replay/transition_count=1.000         │
│rlt/actor_updates_run=1.000            │rlt/critic_updates_run=1.000           │rlt/desired_total_updates=1.000       │
│rlt/global_min_replay_size=1.000       │rlt/global_total_transitions_added=1.0…│rlt/global_transitions_since_train=1.…│
│rlt/max_updates_per_train_step=1.000   │rlt/min_replay_buffer_size=1.000       │rlt/pending_update_budget=0.0000      │
│rlt/ready_for_online=0.0000            │rlt/should_train=1.000                 │rlt/skip_reason=0.0000                │
│rlt/train_every_episodes=0.0000        │rlt/train_every_transitions=1.000      │rlt/update_epoch=1.000                │
│rlt/update_step=0.0000                 │rlt/updates_scheduled=1.000            │rlt/updates_to_run=1.000              │
│rlt/warmup_required_updates=1.000      │sac/actor_loss=0.648                   │sac/alpha=0.0000                      │
│sac/alpha_loss=0.0000                  │sac/critic_loss=0.063                  │                                      │
│                                                                                                                      │
╰──────────────────────────────────────────────────────────────────────────────────────────────────────────────────────╯

wandb: 
wandb: Run history:
wandb:         env/actor_switch_step ▁
wandb: env/actor_switch_step_nonzero ▁
wandb:  env/entered_actor_phase_once ▁
wandb:               env/episode_len ▁
wandb:          env/num_trajectories ▁
wandb:                    env/return ▁
wandb:                    env/reward ▁
wandb:              env/success_once ▁
wandb:  time/actor/actor/compute_adv ▁
wandb:    time/actor/actor/recv_traj ▁
wandb:                           +75 ...
wandb: 
wandb: Run summary:
wandb:         env/actor_switch_step 0
wandb: env/actor_switch_step_nonzero 0
wandb:  env/entered_actor_phase_once 1
wandb:               env/episode_len 20
wandb:          env/num_trajectories 1
wandb:                    env/return 0
wandb:                    env/reward 0
wandb:              env/success_once 0
wandb:  time/actor/actor/compute_adv 3e-05
wandb:    time/actor/actor/recv_traj 30.16469
wandb:                           +75 ...
wandb: 
wandb: You can sync this run to the cloud by running:
wandb: wandb sync /workspace/results/d1/f2-h100-pcie-resume-source-seed2026-attempt7/wandb/wandb/offline-run-20260910_220941-zcrn0kxf
wandb: Find logs at: /workspace/results/d1/f2-h100-pcie-resume-source-seed2026-attempt7/wandb/wandb/offline-run-20260910_220941-zcrn0kxf/logs
[36m(ActorGroup(rank=0) pid=28327)[0m /opt/RLinf/.venv/lib/python3.11/site-packages/torch/distributed/distributed_c10d.py:4807: UserWarning: No device id is provided via `init_process_group` or `barrier `. Using the current device set by the user. 
[36m(ActorGroup(rank=0) pid=28327)[0m   warnings.warn(  # warn only once
WARNING: All log messages before absl::InitializeLog() is called are written to STDERR
I0000 00:00:1789078307.418104   30309 port.cc:153] oneDNN custom operations are on. You may see slightly different numerical results due to floating-point round-off errors from different computation orders. To turn them off, set the environment variable `TF_ENABLE_ONEDNN_OPTS=0`.
I0000 00:00:1789078307.495027   30309 cpu_feature_guard.cc:227] This TensorFlow binary is optimized to use available CPU instructions in performance-critical operations.
To enable the following instructions: AVX2 AVX512F AVX512_VNNI AVX512_BF16 AVX512_FP16 AVX_VNNI FMA, in other operations, rebuild TensorFlow with the appropriate compiler flags.
WARNING: All log messages before absl::InitializeLog() is called are written to STDERR
I0000 00:00:1789078309.838758   30309 port.cc:153] oneDNN custom operations are on. You may see slightly different numerical results due to floating-point round-off errors from different computation orders. To turn them off, set the environment variable `TF_ENABLE_ONEDNN_OPTS=0`.
/opt/RLinf/.venv/lib/python3.11/site-packages/hydra/_internal/defaults_list.py:251: UserWarning: In 'maniskill_rlt_stage2_ac_mlp': Defaults list is missing `_self_`. See https://hydra.cc/docs/1.2/upgrades/1.0_to_1.1/default_composition_order for more information
  warnings.warn(msg, UserWarning)
/opt/RLinf/.venv/lib/python3.11/site-packages/hydra/_internal/hydra.py:119: UserWarning: Future Hydra versions will no longer change working directory at job runtime by default.
See https://hydra.cc/docs/1.2/upgrades/1.1_to_1.2/changes_to_job_working_dir/ for more information.
  ret = run_job(
2026-09-10 22:11:52,546	INFO worker.py:1833 -- Connecting to existing Ray cluster at address: 172.29.150.182:6379...
2026-09-10 22:11:52,633	INFO worker.py:2024 -- Connected to Ray cluster.
[INFO 22:11:54 RLinf] RLinf is running on a cluster with 1 node and 1 accelerator. The nodes' details are: 
node_labels: []
node_rank: 0
ray_id: c42d7c5a49f905f4ea4e9d8c86ae916d6ab81dcee95c42462fde8a16
node_ip: 172.29.150.182
num_cpus: 16
python_interpreter_path: /opt/RLinf/.venv/bin/python
hardware_resources:
- type: Accelerator
  infos:
  - type: Accelerator
    model: NV_GPU:H100 PCIe
profiler_backends: []

Node groups' details are: 
label: cluster
nodes: '0'
hardware_type: Accelerator
ignore_hardware: false
env_configs: null

label: node
nodes: '0'
hardware_type: null
ignore_hardware: true
env_configs: null

[36m(_RemoteNodeProbe pid=677)[0m /opt/RLinf/rlinf/scheduler/cluster/node.py:532: UserWarning: Python interpreter used to launch Ray on node with IP 172.29.150.182 is different from that on the head node /opt/RLinf/.venv/bin/python. Keep using the current interpreter /opt/RLinf/.venv/bin/python3 on this node.
[36m(_RemoteNodeProbe pid=677)[0m   warnings.warn(
[INFO 22:11:55 FlexiblePlacementStrategy] 
[INFO 22:11:55 FlexiblePlacementStrategy] Using flexible placement with hardware ranks: [[0]], node groups: ['cluster'].
[INFO 22:11:55 FlexiblePlacementStrategy] 
[INFO 22:11:55 FlexiblePlacementStrategy] Using flexible placement with hardware ranks: [[0]], node groups: ['cluster'].
[INFO 22:11:55 FlexiblePlacementStrategy] 
[INFO 22:11:55 FlexiblePlacementStrategy] Using flexible placement with hardware ranks: [[0]], node groups: ['cluster'].
[INFO 22:11:55 FlexiblePlacementStrategy] 
[INFO 22:11:55 FlexiblePlacementStrategy] Using flexible placement with hardware ranks: [[0]], node groups: ['cluster'].
[INFO 22:11:55 FlexiblePlacementStrategy] 
[INFO 22:11:55 FlexiblePlacementStrategy] Using flexible placement with hardware ranks: [[0]], node groups: ['cluster'].
[INFO 22:11:55 FlexiblePlacementStrategy] 
[INFO 22:11:55 FlexiblePlacementStrategy] Using flexible placement with hardware ranks: [[0]], node groups: ['cluster'].
{
  "env": {
    "train": {
      "env_type": "maniskill_rlt",
      "total_num_envs": 1,
      "wrap_obs_mode": "rlt_openpi_joint",
      "use_full_state": false,
      "auto_reset": false,
      "ignore_terminations": false,
      "use_rel_reward": false,
      "reward_mode": "only_success",
      "seed": 2026,
      "group_size": 1,
      "use_fixed_reset_state_ids": false,
      "max_steps_per_rollout_epoch": 20,
      "max_episode_steps": 20,
      "rlt_policy_switch": {
        "enable": true,
        "task_mode": "critical_phase",
        "trigger_mode": "always_on",
        "latch_until_done": true,
        "auto_gate": {
          "require_grasp": true,
          "require_not_success": true,
          "near_hole_x_min": -0.16,
          "near_hole_yz_margin": 1.5,
          "fallback_hole_radius": 0.03
        },
        "expert_takeover": {
          "enable": false,
          "trigger_mode": "stalled_progress",
          "gate": {
            "require_grasp": true,
            "require_not_success": true,
            "near_hole_x_min": -0.1,
            "near_hole_yz_margin": 2.0,
            "stuck_chunks_before_takeover": 3,
            "min_x_progress": 0.003,
            "min_yz_progress": 0.0015,
            "min_score_progress": 0.002,
            "progress_yz_weight": 1.0,
            "fallback_hole_radius": 0.03
          }
        }
      },
      "video_cfg": {
        "save_video": false,
        "info_on_video": true,
        "fps": 10,
        "record_every": 1,
        "video_base_dir": "/workspace/results/d1/f2-h100-pcie-resume-continuation-seed2026-attempt7/video/train"
      },
      "enable_offload": false,
      "init_params": {
        "id": "PegInsertionSideWideClearance-v1",
        "num_envs": null,
        "obs_mode": "rgb",
        "control_mode": "pd_joint_delta_pos",
        "sim_backend": "cpu",
        "reward_mode": "sparse",
        "sim_config": {
          "sim_freq": 100,
          "control_freq": 10
        },
        "max_episode_steps": 20,
        "sensor_configs": {
          "shader_pack": "default",
          "width": 384,
          "height": 384
        },
        "render_mode": "all",
        "render_backend": "pci:0000:00:00.0"
      },
      "rollout_epoch": 1,
      "action_dim": 8,
      "num_action_chunks": 10,
      "ref_num_action_chunks": 10
    },
    "eval": {
      "env_type": "maniskill_rlt",
      "total_num_envs": 1,
      "wrap_obs_mode": "rlt_openpi_joint",
      "use_full_state": false,
      "auto_reset": false,
      "ignore_terminations": false,
      "use_rel_reward": false,
      "reward_mode": "only_success",
      "seed": 2026,
      "group_size": 1,
      "use_fixed_reset_state_ids": true,
      "max_steps_per_rollout_epoch": 20,
      "max_episode_steps": 20,
      "rlt_policy_switch": {
        "enable": true,
        "task_mode": "full_task",
        "trigger_mode": "auto",
        "latch_until_done": true,
        "auto_gate": {
          "require_grasp": true,
          "require_not_success": true,
          "near_hole_x_min": -0.16,
          "near_hole_yz_margin": 1.5,
          "fallback_hole_radius": 0.03
        },
        "expert_takeover": {
          "enable": false,
          "trigger_mode": "stalled_progress",
          "gate": {
            "require_grasp": true,
            "require_not_success": true,
            "near_hole_x_min": -0.1,
            "near_hole_yz_margin": 2.0,
            "stuck_chunks_before_takeover": 3,
            "min_x_progress": 0.003,
            "min_yz_progress": 0.0015,
            "min_score_progress": 0.002,
            "progress_yz_weight": 1.0,
            "fallback_hole_radius": 0.03
          }
        }
      },
      "video_cfg": {
        "save_video": false,
        "info_on_video": true,
        "fps": 10,
        "record_every": 1,
        "video_base_dir": "/workspace/results/d1/f2-h100-pcie-resume-continuation-seed2026-attempt7/video/eval"
      },
      "enable_offload": false,
      "init_params": {
        "id": "PegInsertionSideWideClearance-v1",
        "num_envs": null,
        "obs_mode": "rgb",
        "control_mode": "pd_joint_delta_pos",
        "sim_backend": "cpu",
        "reward_mode": "sparse",
        "sim_config": {
          "sim_freq": 100,
          "control_freq": 10
        },
        "max_episode_steps": 20,
        "sensor_configs": {
          "shader_pack": "default",
          "width": 384,
          "height": 384
        },
        "render_mode": "all",
        "render_backend": "pci:0000:00:00.0"
      },
      "rollout_epoch": 1,
      "policy_mode": "eval",
      "action_dim": 8,
      "num_action_chunks": 10,
      "ref_num_action_chunks": 10
    },
    "group_name": "EnvGroup"
  },
  "actor": {
    "fsdp_config": {
      "strategy": "fsdp",
      "sharding_strategy": "no_shard",
      "gradient_checkpointing": false,
      "cpu_offload": false,
      "offload_pin_memory": false,
      "reshard_after_forward": true,
      "enable_gradient_accumulation": true,
      "forward_prefetch": false,
      "limit_all_gathers": false,
      "backward_prefetch": null,
      "use_orig_params": false,
      "use_liger_kernel": false,
      "mixed_precision": {
        "param_dtype": "fp32",
        "reduce_dtype": "fp32",
        "buffer_dtype": "fp32"
      },
      "amp_autocast": {
        "enabled": false,
        "precision": "bf16"
      },
      "grad_scaler": {
        "enabled": false,
        "init_scale": null,
        "growth_interval": null
      }
    },
    "group_name": "ActorGroup",
    "training_backend": "fsdp",
    "micro_batch_size": 1,
    "global_batch_size": 1,
    "seed": 2026,
    "enable_offload": false,
    "model": {
      "model_type": "rlt_mlp_policy",
      "precision": "fp32",
      "policy_setup": "panda-qpos",
      "action_dim": 8,
      "num_action_chunks": 10,
      "ref_num_action_chunks": 10,
      "z_dim": 2048,
      "proprio_dim": 9,
      "add_value_head": false,
      "add_q_head": true,
      "q_head_type": "default",
      "fixed_std": 0.002,
      "is_lora": false,
      "lora_rank": 32
    },
    "optim": {
      "clip_grad": 10.0,
      "lr": 0.0001,
      "lr_scheduler": "torch_constant"
    },
    "critic_optim": {
      "clip_grad": 10.0,
      "lr": 0.0001,
      "lr_scheduler": "torch_constant"
    }
  },
  "weight_syncer": {
    "type": "patch",
    "patch": {
      "snapshot_device": "cpu",
      "delta_encoding": true,
      "compression": "none",
      "init_sync": {
        "enabled": true,
        "prefixes": null,
        "bucket_size": 134217728
      },
      "transport_device": "cpu"
    }
  },
  "cluster": {
    "num_nodes": 1,
    "component_placement": {
      "actor": "0-0",
      "env": "all",
      "rollout": "all"
    }
  },
  "runner": {
    "task_type": "embodied",
    "logger": {
      "log_path": "/workspace/results/d1/f2-h100-pcie-resume-continuation-seed2026-attempt7",
      "project_name": "qualia-rlt-d1",
      "experiment_name": "maniskill_rlt_stage2_ac_mlp",
      "logger_backends": [
        "wandb"
      ]
    },
    "max_epochs": 5000,
    "max_steps": 2,
    "only_eval": false,
    "weight_sync_interval": 1,
    "val_check_interval": -1,
    "save_interval": 2,
    "resume_dir": "/workspace/results/d1/f2-h100-pcie-resume-source-seed2026-attempt7/maniskill_rlt_stage2_ac_mlp/checkpoints/global_step_1",
    "ckpt_path": null,
    "per_worker_log": false,
    "per_worker_log_path": null,
    "overlap_env_bootstrap": false
  },
  "algorithm": {
    "update_epoch": 1,
    "rlt_schedule": {
      "enable": true,
      "max_updates_per_train_step": 1,
      "warmup_min_size": 1,
      "warmup_post_collect_updates": 1,
      "train_every_episodes": 0,
      "train_every_transitions": 1
    },
    "group_size": 1,
    "adv_type": "embodied_sac",
    "loss_type": "rlt_ac",
    "loss_agg_func": "token-mean",
    "agg_q": "min",
    "actor_agg_q": "q1",
    "enable_drq": false,
    "q_head_type": "default",
    "bootstrap_type": "standard",
    "gamma": 0.96,
    "tau": 0.005,
    "q_weight": 1.0,
    "bc_weight": 1.0,
    "reference_dropout_prob": 0.5,
    "actor_weight_schedule": {
      "enable": true,
      "warmup_updates": 1,
      "ramp_updates": 0,
      "warmup_bc_weight": 5.6,
      "warmup_q_weight": 0.05,
      "online_bc_weight": 2,
      "online_q_weight": 0.45
    },
    "entropy_tuning": {
      "alpha_type": "fixed_alpha",
      "initial_alpha": 0.0,
      "optim": {
        "lr": 0.0003,
        "lr_scheduler": "torch_constant",
        "clip_grad": 10.0
      }
    },
    "replay_buffer": {
      "enable_cache": true,
      "cache_size": 10000,
      "sample_window_size": 50000,
      "max_num_samples": 50000,
      "min_buffer_size": 1,
      "auto_save": false
    },
    "target_update_freq": 1,
    "target_update_type": "all",
    "train_actor_steps": 1000,
    "critic_actor_ratio": 1,
    "critic_subsample_size": 0,
    "backup_entropy": false
  },
  "rollout": {
    "group_name": "RolloutGroup",
    "backend": "huggingface",
    "enable_offload": false,
    "pipeline_stage_num": 1,
    "collect_transitions": true,
    "collect_prev_infos": true,
    "model": {
      "model_type": "rlt_mlp_policy",
      "model_path": "",
      "precision": "fp32",
      "policy_setup": "panda-qpos",
      "action_dim": 8,
      "num_action_chunks": 10,
      "ref_num_action_chunks": 10,
      "z_dim": 2048,
      "proprio_dim": 9,
      "add_q_head": true,
      "q_head_type": "default",
      "fixed_std": 0.002,
      "is_lora": false,
      "lora_rank": 32
    },
    "rlt_feature_model": {
      "model_type": "openpi",
      "model_path": "/workspace/checkpoints/stage1-step-500-actor",
      "precision": null,
      "num_action_chunks": 10,
      "action_dim": 8,
      "add_value_head": false,
      "is_lora": false,
      "lora_rank": 32,
      "openpi_data": {
        "repo_id": "maniskill_peginsertionside_joint",
        "default_prompt": "insert the peg in the hole",
        "norm_stats_path": "/opt/f2-norm-stats/norm_stats.json"
      },
      "openpi": {
        "config_name": "pi05_rlt_maniskill_joint",
        "num_images_in_input": 2,
        "action_chunk": 10,
        "action_horizon": 10,
        "action_env_dim": 8,
        "num_steps": 5,
        "train_expert_only": false,
        "add_value_head": false,
        "detach_critic_input": true,
        "use_rlt": true,
        "rlt_alpha": 1.0,
        "rlt_input_dim": 2048,
        "rlt_embed_dim": 2048,
        "rlt_num_rl_tokens": 1,
        "rlt_prefix_seq_len": 1024,
        "rlt_num_layers": 2,
        "rlt_num_heads": 8,
        "rlt_mlp_ratio": 4.0,
        "rlt_encoder_type": "append_self_attention",
        "rlt_image_only": false,
        "rlt_use_mask": true
      }
    },
    "expert_model": null,
    "enable_torch_compile": false,
    "enable_cuda_graph": false
  },
  "reward": {
    "use_reward_model": false
  },
  "critic": {
    "use_critic_model": false
  }
}
[INFO 22:11:55 FlexiblePlacementStrategy] 
[INFO 22:11:55 FlexiblePlacementStrategy] Using flexible placement with hardware ranks: [[0]], node groups: ['cluster'].
[INFO 22:11:55 FlexiblePlacementStrategy] 
[INFO 22:11:55 FlexiblePlacementStrategy] Using flexible placement with hardware ranks: [[0]], node groups: ['cluster'].
[INFO 22:11:55 FlexiblePlacementStrategy] 
[INFO 22:11:55 FlexiblePlacementStrategy] Using flexible placement with hardware ranks: [[0]], node groups: ['cluster'].
[INFO 22:11:55 FlexiblePlacementStrategy] Generated 1 placements: [Placement(rank=0, cluster_node_rank=0, placement_node_rank=0, local_accelerator_rank=0, accelerator_type='NV_GPU', local_rank=0, local_world_size=1, visible_accelerators=['0'], isolate_accelerator=True, local_hardware_ranks=[0], node_group_label='cluster')].
[INFO 22:11:55 FlexiblePlacementStrategy] Generated 1 placements: [Placement(rank=0, cluster_node_rank=0, placement_node_rank=0, local_accelerator_rank=0, accelerator_type='NV_GPU', local_rank=0, local_world_size=1, visible_accelerators=['0'], isolate_accelerator=True, local_hardware_ranks=[0], node_group_label='cluster')].
[INFO 22:11:55 FlexiblePlacementStrategy] Generated 1 placements: [Placement(rank=0, cluster_node_rank=0, placement_node_rank=0, local_accelerator_rank=0, accelerator_type='NV_GPU', local_rank=0, local_world_size=1, visible_accelerators=['0'], isolate_accelerator=True, local_hardware_ranks=[0], node_group_label='cluster')].
[INFO 22:11:55 NodePlacementStrategy] 
[INFO 22:11:55 NodePlacementStrategy] Using node placement with node ranks: [0], node groups: ['node'].
[INFO 22:11:55 NodePlacementStrategy] Generated 1 placements: [Placement(rank=0, cluster_node_rank=0, placement_node_rank=0, local_accelerator_rank='0', accelerator_type='NV_GPU', local_rank=0, local_world_size=1, visible_accelerators=['0'], isolate_accelerator=True, local_hardware_ranks=[], node_group_label='cluster')].
[INFO 22:11:55 NodePlacementStrategy] 
[INFO 22:11:55 NodePlacementStrategy] Using node placement with node ranks: [0], node groups: ['node'].
[INFO 22:11:55 NodePlacementStrategy] Generated 1 placements: [Placement(rank=0, cluster_node_rank=0, placement_node_rank=0, local_accelerator_rank='0', accelerator_type='NV_GPU', local_rank=0, local_world_size=1, visible_accelerators=['0'], isolate_accelerator=True, local_hardware_ranks=[], node_group_label='cluster')].
[INFO 22:11:55 NodePlacementStrategy] 
[INFO 22:11:55 NodePlacementStrategy] Using node placement with node ranks: [0], node groups: ['node'].
[INFO 22:11:55 NodePlacementStrategy] Generated 1 placements: [Placement(rank=0, cluster_node_rank=0, placement_node_rank=0, local_accelerator_rank='0', accelerator_type='NV_GPU', local_rank=0, local_world_size=1, visible_accelerators=['0'], isolate_accelerator=True, local_hardware_ranks=[], node_group_label='cluster')].
wandb: WARNING Using a boolean value for 'reinit' is deprecated. Use 'return_previous' or 'finish_previous' instead.
wandb: Tracking run with wandb version 0.25.0
wandb: W&B syncing is set to `offline` in this directory. Run `wandb online` or set WANDB_MODE=online to enable cloud syncing.
wandb: Run data is saved locally in /workspace/results/d1/f2-h100-pcie-resume-continuation-seed2026-attempt7/wandb/wandb/offline-run-20260910_221156-3yw6n4q5
[36m(MultiStepRolloutWorker pid=30515)[0m [INFO 22:12:02 FlexiblePlacementStrategy] 
[36m(MultiStepRolloutWorker pid=30515)[0m [INFO 22:12:02 FlexiblePlacementStrategy] Using flexible placement with hardware ranks: [[0]], node groups: ['cluster'].
[36m(MultiStepRolloutWorker pid=30515)[0m [INFO 22:12:02 FlexiblePlacementStrategy] 
[36m(MultiStepRolloutWorker pid=30515)[0m [INFO 22:12:02 FlexiblePlacementStrategy] Using flexible placement with hardware ranks: [[0]], node groups: ['cluster'].
[36m(MultiStepRolloutWorker pid=30515)[0m [INFO 22:12:02 FlexiblePlacementStrategy] 
[36m(MultiStepRolloutWorker pid=30515)[0m [INFO 22:12:02 FlexiblePlacementStrategy] Using flexible placement with hardware ranks: [[0]], node groups: ['cluster'].
[36m(pid=30517)[0m WARNING: All log messages before absl::InitializeLog() is called are written to STDERR
[36m(pid=30517)[0m I0000 00:00:1789078322.874654   30517 port.cc:153] oneDNN custom operations are on. You may see slightly different numerical results due to floating-point round-off errors from different computation orders. To turn them off, set the environment variable `TF_ENABLE_ONEDNN_OPTS=0`.
[36m(RLTACFSDPPolicy pid=30513)[0m [W910 22:12:03.531165190 ProcessGroupNCCL.cpp:981] Warning: TORCH_NCCL_AVOID_RECORD_STREAMS is the default now, this environment variable is thus deprecated. (function operator())
[36m(RLTACFSDPPolicy pid=30513)[0m [INFO 22:12:04 ActorGroup-Rank-0][fsdp_model_manager.py:124] [FSDP] AMP is disabled.
[36m(RLTACFSDPPolicy pid=30513)[0m [INFO 22:12:04 FlexiblePlacementStrategy] 
[36m(RLTACFSDPPolicy pid=30513)[0m [INFO 22:12:04 FlexiblePlacementStrategy] Using flexible placement with hardware ranks: [[0]], node groups: ['cluster'].
[36m(RLTACFSDPPolicy pid=30513)[0m [INFO 22:12:04 FlexiblePlacementStrategy] 
[36m(RLTACFSDPPolicy pid=30513)[0m [INFO 22:12:04 FlexiblePlacementStrategy] Using flexible placement with hardware ranks: [[0]], node groups: ['cluster'].
[36m(RLTACFSDPPolicy pid=30513)[0m [INFO 22:12:04 FlexiblePlacementStrategy] 
[36m(RLTACFSDPPolicy pid=30513)[0m [INFO 22:12:04 FlexiblePlacementStrategy] Using flexible placement with hardware ranks: [[0]], node groups: ['cluster'].
[36m(RolloutGroup(rank=0) pid=30515)[0m WARNING: All log messages before absl::InitializeLog() is called are written to STDERR
[36m(RolloutGroup(rank=0) pid=30515)[0m I0000 00:00:1789078324.495844   31054 port.cc:153] oneDNN custom operations are on. You may see slightly different numerical results due to floating-point round-off errors from different computation orders. To turn them off, set the environment variable `TF_ENABLE_ONEDNN_OPTS=0`.
[36m(pid=30517)[0m WARNING: All log messages before absl::InitializeLog() is called are written to STDERR
[36m(pid=30517)[0m I0000 00:00:1789078325.211561   30517 port.cc:153] oneDNN custom operations are on. You may see slightly different numerical results due to floating-point round-off errors from different computation orders. To turn them off, set the environment variable `TF_ENABLE_ONEDNN_OPTS=0`.
[36m(RolloutGroup(rank=0) pid=30515)[0m WARNING: All log messages before absl::InitializeLog() is called are written to STDERR
[36m(RolloutGroup(rank=0) pid=30515)[0m I0000 00:00:1789078326.304767   31054 port.cc:153] oneDNN custom operations are on. You may see slightly different numerical results due to floating-point round-off errors from different computation orders. To turn them off, set the environment variable `TF_ENABLE_ONEDNN_OPTS=0`.
[36m(EnvWorker pid=30517)[0m [INFO 22:12:06 FlexiblePlacementStrategy] 
[36m(EnvWorker pid=30517)[0m [INFO 22:12:06 FlexiblePlacementStrategy] Using flexible placement with hardware ranks: [[0]], node groups: ['cluster'].
[36m(EnvWorker pid=30517)[0m [INFO 22:12:06 FlexiblePlacementStrategy] 
[36m(EnvWorker pid=30517)[0m [INFO 22:12:06 FlexiblePlacementStrategy] Using flexible placement with hardware ranks: [[0]], node groups: ['cluster'].
[36m(EnvWorker pid=30517)[0m [INFO 22:12:06 FlexiblePlacementStrategy] 
[36m(EnvWorker pid=30517)[0m [INFO 22:12:06 FlexiblePlacementStrategy] Using flexible placement with hardware ranks: [[0]], node groups: ['cluster'].
[36m(EnvGroup(rank=0) pid=30517)[0m [W910 22:12:07.301525179 ProcessGroupNCCL.cpp:981] Warning: TORCH_NCCL_AVOID_RECORD_STREAMS is the default now, this environment variable is thus deprecated. (function operator())
[36m(EnvGroup(rank=0) pid=30517)[0m [Gloo] Rank 0 is connected to 0 peer ranks. Expected number of connected peer ranks is : 0
[36m(EnvGroup(rank=0) pid=30517)[0m [Gloo] Rank 0 is connected to 0 peer ranks. Expected number of connected peer ranks is : 0
[36m(EnvGroup(rank=0) pid=30517)[0m [Gloo] Rank 0 is connected to 0 peer ranks. Expected number of connected peer ranks is : 0
[36m(RolloutGroup(rank=0) pid=30515)[0m INFO:datasets:PyTorch version 2.8.0 available.
[36m(RolloutGroup(rank=0) pid=30515)[0m INFO:datasets:Polars version 2.0.0rc1 available.
[36m(RolloutGroup(rank=0) pid=30515)[0m INFO:datasets:TensorFlow version 2.21.0 available.
[36m(RolloutGroup(rank=0) pid=30515)[0m INFO:datasets:JAX version 0.5.3 available.
[36m(EnvGroup(rank=0) pid=30517)[0m /opt/RLinf/.venv/lib/python3.11/site-packages/sapien/_vulkan_tricks.py:95: UserWarning: Failed to find glvnd ICD file. This is probably due to an incorrect or partial installation of the NVIDIA driver. SAPIEN will attempt to provide an ICD file anyway but it may not work.
[36m(EnvGroup(rank=0) pid=30517)[0m   warn(
[36m(EnvGroup(rank=0) pid=30517)[0m /opt/RLinf/.venv/lib/python3.11/site-packages/gymnasium/core.py:311: UserWarning: [33mWARN: env.xyz_configs to get variables from other wrappers is deprecated and will be removed in v1.0, to get this variable you can do `env.unwrapped.xyz_configs` for environment variables or `env.get_wrapper_attr('xyz_configs')` that will search the reminding wrappers.[0m
[36m(EnvGroup(rank=0) pid=30517)[0m   logger.warn(
[36m(RolloutGroup(rank=0) pid=30515)[0m INFO:root:Loaded norm stats from /opt/f2-norm-stats
[36m(ActorGroup(rank=0) pid=30513)[0m [INFO 22:13:03 ActorGroup-Rank-0][fsdp_sac_policy_worker.py:92] [FSDP] Gradient checkpointing is disabled
[INFO 22:13:03 RLinf] Resuming training from checkpoint directory /workspace/results/d1/f2-h100-pcie-resume-source-seed2026-attempt7/maniskill_rlt_stage2_ac_mlp/checkpoints/global_step_1.
[36m(ActorGroup(rank=0) pid=30513)[0m [WARNING 22:13:03 ActorGroup-Rank-0][replay_buffer.py:263] auto_save is disabled, enabling cache with size 50000
[36m(ActorGroup(rank=0) pid=30513)[0m /opt/RLinf/.venv/lib/python3.11/site-packages/torch/distributed/distributed_c10d.py:860: UserWarning: `_get_pg_default_device` will be deprecated, it only stays for backward-compatiblity reason. If you need to find a device for object collectives, please use `_get_object_coll_device`. If you need to query the device types supported by group, please use `_device_capability(group)`. 
[36m(ActorGroup(rank=0) pid=30513)[0m   warnings.warn(
[36m(ActorGroup(rank=0) pid=30513)[0m /opt/RLinf/.venv/lib/python3.11/site-packages/torch/distributed/distributed_c10d.py:860: UserWarning: `_get_pg_default_device` will be deprecated, it only stays for backward-compatiblity reason. If you need to find a device for object collectives, please use `_get_object_coll_device`. If you need to query the device types supported by group, please use `_device_capability(group)`. 
[36m(ActorGroup(rank=0) pid=30513)[0m   warnings.warn(
[36m(ActorGroup(rank=0) pid=30513)[0m QUALIA_RLT_RESUME_STATE={"checkpoint_step": 1, "previous_update_step": 0, "rank": 0, "restored_update_step": 1, "schedule_fingerprint": "dff74668a66b695a0e63c4d5a919b772fa88556b9287ca7978695eb982a91600", "sidecar": "/workspace/results/d1/f2-h100-pcie-resume-source-seed2026-attempt7/maniskill_rlt_stage2_ac_mlp/checkpoints/global_step_1/actor/sac_components/rlt_schedule_state/rank_0.json"}
[36m(ActorGroup(rank=0) pid=30513)[0m /opt/RLinf/.venv/lib/python3.11/site-packages/torch/distributed/distributed_c10d.py:4807: UserWarning: No device id is provided via `init_process_group` or `barrier `. Using the current device set by the user. 
[36m(ActorGroup(rank=0) pid=30513)[0m   warnings.warn(  # warn only once
[36m(ActorGroup(rank=0) pid=30513)[0m [Gloo] Rank 0 is connected to 1 peer ranks. Expected number of connected peer ranks is : 1
[36m(ActorGroup(rank=0) pid=30513)[0m [Gloo] Rank 0 is connected to 1 peer ranks. Expected number of connected peer ranks is : 1
[36m(ActorGroup(rank=0) pid=30513)[0m [Gloo] Rank 0 is connected to 1 peer ranks. Expected number of connected peer ranks is : 1
[36m(RolloutGroup(rank=0) pid=30515)[0m [W910 22:13:05.097875227 ProcessGroupNCCL.cpp:981] Warning: TORCH_NCCL_AVOID_RECORD_STREAMS is the default now, this environment variable is thus deprecated. (function operator())
[36m(RolloutGroup(rank=0) pid=30515)[0m [Gloo] Rank 1 is connected to 1 peer ranks. Expected number of connected peer ranks is : 1
[36m(RolloutGroup(rank=0) pid=30515)[0m [Gloo] Rank 1 is connected to 1 peer ranks. Expected number of connected peer ranks is : 1
[36m(RolloutGroup(rank=0) pid=30515)[0m [Gloo] Rank 1 is connected to 1 peer ranks. Expected number of connected peer ranks is : 1
[36m(RolloutGroup(rank=0) pid=30515)[0m 
Generating Rollout Epochs:   0%|          | 0/1 [00:00<?, ?it/s]
[36m(Rollout(rank=0) pid=30534)[0m [W910 22:13:09.005894456 ProcessGroupNCCL.cpp:981] Warning: TORCH_NCCL_AVOID_RECORD_STREAMS is the default now, this environment variable is thus deprecated. (function operator())
[36m(Rollout(rank=0) pid=30534)[0m [Gloo] Rank 1 is connected to 1 peer ranks. Expected number of connected peer ranks is : 1
[36m(Rollout(rank=0) pid=30534)[0m [Gloo] Rank 1 is connected to 1 peer ranks. Expected number of connected peer ranks is : 1
[36m(EnvGroup(rank=0) pid=30517)[0m [Gloo] Rank 0 is connected to 1 peer ranks. Expected number of connected peer ranks is : 1
[36m(EnvGroup(rank=0) pid=30517)[0m [Gloo] Rank 0 is connected to 1 peer ranks. Expected number of connected peer ranks is : 1
[36m(Rollout(rank=0) pid=30534)[0m [Gloo] Rank 1 is connected to 1 peer ranks. Expected number of connected peer ranks is : 1
[36m(EnvGroup(rank=0) pid=30517)[0m [Gloo] Rank 0 is connected to 1 peer ranks. Expected number of connected peer ranks is : 1
[36m(RolloutGroup(rank=0) pid=30515)[0m [Gloo] Rank 1 is connected to 1 peer ranks. Expected number of connected peer ranks is : 1
[36m(RolloutGroup(rank=0) pid=30515)[0m [Gloo] Rank 1 is connected to 1 peer ranks. Expected number of connected peer ranks is : 1
[36m(RolloutGroup(rank=0) pid=30515)[0m [Gloo] Rank 1 is connected to 1 peer ranks. Expected number of connected peer ranks is : 1
[36m(Rollout(rank=0) pid=30534)[0m [Gloo] Rank 0 is connected to 1 peer ranks. Expected number of connected peer ranks is : 1
[36m(Rollout(rank=0) pid=30534)[0m [Gloo] Rank 0 is connected to 1 peer ranks. Expected number of connected peer ranks is : 1
[36m(Rollout(rank=0) pid=30534)[0m [Gloo] Rank 0 is connected to 1 peer ranks. Expected number of connected peer ranks is : 1
[36m(Env(rank=0) pid=30526)[0m [Gloo] Rank 0 is connected to 1 peer ranks. Expected number of connected peer ranks is : 1
[36m(Env(rank=0) pid=30526)[0m [Gloo] Rank 0 is connected to 1 peer ranks. Expected number of connected peer ranks is : 1
[36m(Env(rank=0) pid=30526)[0m [Gloo] Rank 0 is connected to 1 peer ranks. Expected number of connected peer ranks is : 1
[36m(Env(rank=0) pid=30526)[0m [W910 22:13:13.461531344 ProcessGroupNCCL.cpp:981] Warning: TORCH_NCCL_AVOID_RECORD_STREAMS is the default now, this environment variable is thus deprecated. (function operator())
[36m(RolloutGroup(rank=0) pid=30515)[0m [Gloo] Rank 1 is connected to 1 peer ranks. Expected number of connected peer ranks is : 1
[36m(RolloutGroup(rank=0) pid=30515)[0m [Gloo] Rank 1 is connected to 1 peer ranks. Expected number of connected peer ranks is : 1
[36m(RolloutGroup(rank=0) pid=30515)[0m [Gloo] Rank 1 is connected to 1 peer ranks. Expected number of connected peer ranks is : 1
[36m(Env(rank=0) pid=30526)[0m [Gloo] Rank 0 is connected to 1 peer ranks. Expected number of connected peer ranks is : 1
[36m(EnvGroup(rank=0) pid=30517)[0m [Gloo] Rank 1 is connected to 1 peer ranks. Expected number of connected peer ranks is : 1
[36m(Env(rank=0) pid=30526)[0m [Gloo] Rank 0 is connected to 1 peer ranks. Expected number of connected peer ranks is : 1
[36m(Env(rank=0) pid=30526)[0m [Gloo] Rank 0 is connected to 1 peer ranks. Expected number of connected peer ranks is : 1
[36m(EnvGroup(rank=0) pid=30517)[0m [Gloo] Rank 1 is connected to 1 peer ranks. Expected number of connected peer ranks is : 1
[36m(EnvGroup(rank=0) pid=30517)[0m [Gloo] Rank 1 is connected to 1 peer ranks. Expected number of connected peer ranks is : 1
[36m(RolloutGroup(rank=0) pid=30515)[0m 
Generating Rollout Epochs: 100%|██████████| 1/1 [00:26<00:00, 26.14s/it]
Generating Rollout Epochs: 100%|██████████| 1/1 [00:26<00:00, 26.14s/it]
[36m(Actor(rank=0) pid=30536)[0m [Gloo] Rank 0 is connected to 1 peer ranks. Expected number of connected peer ranks is : 1
[36m(Actor(rank=0) pid=30536)[0m [Gloo] Rank 0 is connected to 1 peer ranks. Expected number of connected peer ranks is : 1
[36m(Actor(rank=0) pid=30536)[0m [Gloo] Rank 0 is connected to 1 peer ranks. Expected number of connected peer ranks is : 1
[36m(Actor(rank=0) pid=30536)[0m [W910 22:13:34.607260226 ProcessGroupNCCL.cpp:981] Warning: TORCH_NCCL_AVOID_RECORD_STREAMS is the default now, this environment variable is thus deprecated. (function operator())
[36m(EnvGroup(rank=0) pid=30517)[0m [Gloo] Rank 1 is connected to 1 peer ranks. Expected number of connected peer ranks is : 1
[36m(EnvGroup(rank=0) pid=30517)[0m [Gloo] Rank 1 is connected to 1 peer ranks. Expected number of connected peer ranks is : 1
[36m(EnvGroup(rank=0) pid=30517)[0m [Gloo] Rank 1 is connected to 1 peer ranks. Expected number of connected peer ranks is : 1
[36m(ActorGroup(rank=0) pid=30513)[0m [Gloo] Rank 1 is connected to 1 peer ranks. Expected number of connected peer ranks is : 1
[36m(ActorGroup(rank=0) pid=30513)[0m [Gloo] Rank 1 is connected to 1 peer ranks. Expected number of connected peer ranks is : 1
[36m(ActorGroup(rank=0) pid=30513)[0m [Gloo] Rank 1 is connected to 1 peer ranks. Expected number of connected peer ranks is : 1
[36m(Actor(rank=0) pid=30536)[0m [Gloo] Rank 0 is connected to 1 peer ranks. Expected number of connected peer ranks is : 1
[36m(Actor(rank=0) pid=30536)[0m [Gloo] Rank 0 is connected to 1 peer ranks. Expected number of connected peer ranks is : 1
[36m(Actor(rank=0) pid=30536)[0m [Gloo] Rank 0 is connected to 1 peer ranks. Expected number of connected peer ranks is : 1
[INFO 22:13:36 RLinf] Saving checkpoint at step 2.
[36m(ActorGroup(rank=0) pid=30513)[0m /opt/RLinf/.venv/lib/python3.11/site-packages/torch/distributed/distributed_c10d.py:4807: UserWarning: No device id is provided via `init_process_group` or `barrier `. Using the current device set by the user. 
[36m(ActorGroup(rank=0) pid=30513)[0m   warnings.warn(  # warn only once
[36m(ActorGroup(rank=0) pid=30513)[0m /opt/RLinf/.venv/lib/python3.11/site-packages/torch/distributed/distributed_c10d.py:860: UserWarning: `_get_pg_default_device` will be deprecated, it only stays for backward-compatiblity reason. If you need to find a device for object collectives, please use `_get_object_coll_device`. If you need to query the device types supported by group, please use `_device_capability(group)`. 
[36m(ActorGroup(rank=0) pid=30513)[0m   warnings.warn(
[36m(ActorGroup(rank=0) pid=30513)[0m /opt/RLinf/.venv/lib/python3.11/site-packages/torch/distributed/distributed_c10d.py:860: UserWarning: `_get_pg_default_device` will be deprecated, it only stays for backward-compatiblity reason. If you need to find a device for object collectives, please use `_get_object_coll_device`. If you need to query the device types supported by group, please use `_device_capability(group)`. 
[36m(ActorGroup(rank=0) pid=30513)[0m   warnings.warn(
[36m(ActorGroup(rank=0) pid=30513)[0m /opt/RLinf/.venv/lib/python3.11/site-packages/torch/distributed/distributed_c10d.py:4807: UserWarning: No device id is provided via `init_process_group` or `barrier `. Using the current device set by the user. 
[36m(ActorGroup(rank=0) pid=30513)[0m   warnings.warn(  # warn only once
[36m(ActorGroup(rank=0) pid=30513)[0m /opt/RLinf/.venv/lib/python3.11/site-packages/torch/distributed/distributed_c10d.py:4807: UserWarning: No device id is provided via `init_process_group` or `barrier `. Using the current device set by the user. 
[36m(ActorGroup(rank=0) pid=30513)[0m   warnings.warn(  # warn only once

╭──────────────────────────────────────────────────────────────────────────────────────────────────────────────────────╮
├──────────────────────────────────────────────────── Metric Table ────────────────────────────────────────────────────┤
│ Global Step:    2/2 │ Progress: ████████████████████████████████████████ │ 100.0%                                    │
│ Elapsed: 00:32 │ ETA: 00:00 │ Step Time: 32.988s                                                                     │
├──────────────────────────────────────────────────────── Time ────────────────────────────────────────────────────────┤
│                                                                                                                      │
│actor/actor/compute_adv=3.75e-05       │actor/actor/recv_traj=29.590           │actor/actor/sync_model_to_rollout=1.9…│
│actor/forward_actor=0.018              │actor/forward_critic=0.379             │actor/sample=0.0040                   │
│actor/update_one_epoch=0.548           │cal_adv_and_returns=0.0051             │env/compute_bootstrap_rewards=3.01e-04│
│env/env/bootstrap_step=1.388           │env/env/send_rollout_trajectories=0.365│env/env_interact_step=15.901          │
│env/interact=26.515                    │env/run_interact_once=26.515           │generate_rollouts=29.680              │
│rollout/generate_one_epoch=26.135      │rollout/rollout/generate=26.137        │step=32.959                           │
│sync_weights=2.310                     │                                       │                                      │
│                                                                                                                      │
├──────────────────────────────────────────────────── Environment ─────────────────────────────────────────────────────┤
│                                                                                                                      │
│actor_switch_step=0.0                  │actor_switch_step_nonzero=0.0          │entered_actor_phase_once=1.0          │
│episode_len=20.0                       │num_trajectories=1                     │return=0.0                            │
│reward=0.0                             │success_once=0.0                       │                                      │
│                                                                                                                      │
├─────────────────────────────────────────────────── Replay Buffer ────────────────────────────────────────────────────┤
│                                                                                                                      │
│cache_size=2.000                       │num_trajectories=2.000                 │total_samples=2.000                   │
│                                                                                                                      │
├─────────────────────────────────────────────────── Training/Actor ───────────────────────────────────────────────────┤
│                                                                                                                      │
│actor/action_ref_abs_mean=0.181        │actor/actor_weight_in_warmup=0.0000    │actor/actor_weight_ramp_progress=1.000│
│actor/actor_weight_schedule_enabled=1.…│actor/bc_human_loss=0.0000             │actor/bc_loss=0.111                   │
│actor/bc_ref_loss=0.111                │actor/bc_weight=2.000                  │actor/entropy=-368.6                  │
│actor/grad_norm=3.857                  │actor/human_mask_ratio=0.0000          │actor/lr=1.00e-04                     │
│actor/policy_mask_ratio=1.000          │actor/q_pi=0.132                       │actor/q_value_0=0.132                 │
│actor/q_value_1=-0.177                 │actor/q_weight=0.450                   │actor/reference_dropout_prob=0.500    │
│actor/weighted_bc=0.221                │actor/weighted_q=0.060                 │                                      │
│                                                                                                                      │
├────────────────────────────────────────────────── Training/Critic ───────────────────────────────────────────────────┤
│                                                                                                                      │
│critic/grad_norm=1.743                 │critic/lr=1.00e-04                     │critic/q_data=0.085                   │
│                                                                                                                      │
├─────────────────────────────────────────────────── Training/Other ───────────────────────────────────────────────────┤
│                                                                                                                      │
│alpha/grad_norm=0.0000                 │replay/actor_switch_rate=0.500         │replay/done_rate=1.000                │
│replay/intervention_rate=0.0000        │replay/intervention_requested_rate=0.0…│replay/record_transition_rate=0.500   │
│replay/reward_mean=0.0000              │replay/reward_positive_rate=0.0000     │replay/transition_count=1.000         │
│rlt/actor_updates_run=1.000            │rlt/critic_updates_run=1.000           │rlt/desired_total_updates=2.000       │
│rlt/global_min_replay_size=2.000       │rlt/global_total_transitions_added=2.0…│rlt/global_transitions_since_train=1.…│
│rlt/max_updates_per_train_step=1.000   │rlt/min_replay_buffer_size=1.000       │rlt/pending_update_budget=0.0000      │
│rlt/ready_for_online=1.000             │rlt/should_train=1.000                 │rlt/skip_reason=0.0000                │
│rlt/train_every_episodes=0.0000        │rlt/train_every_transitions=1.000      │rlt/update_epoch=1.000                │
│rlt/update_step=1.000                  │rlt/updates_scheduled=1.000            │rlt/updates_to_run=1.000              │
│rlt/warmup_required_updates=1.000      │sac/actor_loss=0.162                   │sac/alpha=0.0000                      │
│sac/alpha_loss=0.0000                  │sac/critic_loss=0.011                  │                                      │
│                                                                                                                      │
╰──────────────────────────────────────────────────────────────────────────────────────────────────────────────────────╯

wandb: 
wandb: Run history:
wandb:         env/actor_switch_step ▁
wandb: env/actor_switch_step_nonzero ▁
wandb:  env/entered_actor_phase_once ▁
wandb:               env/episode_len ▁
wandb:          env/num_trajectories ▁
wandb:                    env/return ▁
wandb:                    env/reward ▁
wandb:              env/success_once ▁
wandb:  time/actor/actor/compute_adv ▁
wandb:    time/actor/actor/recv_traj ▁
wandb:                           +75 ...
wandb: 
wandb: Run summary:
wandb:         env/actor_switch_step 0
wandb: env/actor_switch_step_nonzero 0
wandb:  env/entered_actor_phase_once 1
wandb:               env/episode_len 20
wandb:          env/num_trajectories 1
wandb:                    env/return 0
wandb:                    env/reward 0
wandb:              env/success_once 0
wandb:  time/actor/actor/compute_adv 4e-05
wandb:    time/actor/actor/recv_traj 29.59024
wandb:                           +75 ...
wandb: 
wandb: You can sync this run to the cloud by running:
wandb: wandb sync /workspace/results/d1/f2-h100-pcie-resume-continuation-seed2026-attempt7/wandb/wandb/offline-run-20260910_221156-3yw6n4q5
wandb: Find logs at: /workspace/results/d1/f2-h100-pcie-resume-continuation-seed2026-attempt7/wandb/wandb/offline-run-20260910_221156-3yw6n4q5/logs
ENPIRE_F2_H100_RESULT={"candidate": {"checkpoint": {"files": {"actor/dcp_checkpoint/.metadata": 59990, "actor/model_state_dict/full_weights.pt": 8338321, "actor/sac_components/replay_buffer/rank_0/trajectory_index.json": 76676, "actor/sac_components/rlt_schedule_state/rank_0.json": 7898, "actor/sac_components/target_model/checkpoint_rank_0.pt": 8340023}, "path": "/workspace/results/d1/f2-h100-pcie-candidate-seed2026-attempt7/maniskill_rlt_stage2_ac_mlp/checkpoints/global_step_1", "rlt_schedule_state": {"checkpoint_step": 1, "counters": {"_warmup_ready_total_episodes": null, "_warmup_ready_total_transitions": null, "episodes_since_train": 8, "pending_update_budget": 0, "total_episodes_added": 8, "total_transitions_added": 481, "transitions_since_train": 481, "update_step": 0}, "rank": 0, "replay_generator_state_present": true, "rlinf_commit": "c90951a0c799a750cb5294ed10587c61cc2af8bf", "schedule_fingerprint": "a8c2ca5440f136e88ba96c991c97deae2bf20a71af53eaeabaf1661ee897cc98", "schema_version": 1, "world_size": 1}}, "config_path": "/workspace/f2-h100-pcie-generated-configs/candidate.yaml", "config_sha256": "315defea170238ae642cd1b03cce7301b1e3242ad1390f340395d8498688f5da", "elapsed_seconds": 1879.6632162009992, "manifest": {"command": ["/opt/RLinf/.venv/bin/python", "/opt/RLinf/examples/embodiment/train_embodied_agent.py", "--config-path", "/opt/RLinf/examples/embodiment/config", "--config-name", "maniskill_rlt_stage2_ac_mlp", "runner.logger.logger_backends=[wandb]", "runner.logger.project_name=qualia-rlt-d1", "runner.only_eval=false", "env.train.rlt_policy_switch.expert_takeover.enable=false", "env.eval.rlt_policy_switch.expert_takeover.enable=false", "rollout.expert_model=null", "rollout.rlt_feature_model.model_path=/workspace/checkpoints/stage1-step-500-actor", "+rollout.rlt_feature_model.openpi_data.norm_stats_path=/opt/f2-norm-stats/norm_stats.json", "actor.enable_offload=false", "+weight_syncer.patch.transport_device=cpu", "env.eval.use_fixed_reset_state_ids=true", "env.train.total_num_envs=16", "env.train.rollout_epoch=4", "env.eval.total_num_envs=16", "env.eval.rollout_epoch=16", "env.train.max_episode_steps=500", "env.eval.max_episode_steps=500", "env.train.max_steps_per_rollout_epoch=500", "env.eval.max_steps_per_rollout_epoch=500", "env.train.init_params.sim_backend=cpu", "+env.train.init_params.render_backend=pci:0000:00:00.0", "env.eval.init_params.sim_backend=cpu", "+env.eval.init_params.render_backend=pci:0000:00:00.0", "actor.seed=2026", "algorithm.actor_weight_schedule.warmup_bc_weight=5.6", "algorithm.actor_weight_schedule.online_bc_weight=2", "algorithm.actor_weight_schedule.warmup_q_weight=0.05", "algorithm.actor_weight_schedule.online_q_weight=0.45", "runner.resume_dir=null", "runner.max_steps=1", "runner.val_check_interval=-1", "runner.save_interval=1", "runner.logger.log_path=/workspace/results/d1/f2-h100-pcie-candidate-seed2026-attempt7"], "condition": "candidate", "config_path": "/workspace/f2-h100-pcie-generated-configs/candidate.yaml", "config_sha256": "315defea170238ae642cd1b03cce7301b1e3242ad1390f340395d8498688f5da", "created_at": "2026-09-10T21:38:06+00:00", "cumulative_cost_usd": 3.418645631433667, "elapsed_seconds": 1870.637107906001, "exit_code": 0, "experiment_id": "d1-f2-h100-pcie-candidate-rehearsal", "final_cost_usd": 1.7095544736698165, "finished_at": "2026-09-10T22:09:16+00:00", "host": "209-20-157-88", "hourly_price_usd": 3.29, "platform": "Linux-6.8.0-60-generic-x86_64-with-glibc2.35", "project_commit": "d0f9f90433dddd21e91f34c0fb2acc40d3633b25", "project_start_commit": "8c5abfcd04e8b4a155f82e8b3537169169ef8337", "resolved_config": {"budget": {"max_cost_usd": null, "report_thresholds_usd": []}, "condition": "candidate", "config_path": "examples/embodiment/config", "entrypoint": "examples/embodiment/train_embodied_agent.py", "evaluation": {"executed_during_rehearsal": false, "fixed_reset_state_ids": true, "num_trajectories": 256, "parallel_environments": 16, "primary_metric": "eval/success_once", "rollout_epochs": 16}, "expected_rlinf_commit": "c90951a0c799a750cb5294ed10587c61cc2af8bf", "experiment_id": "d1-f2-h100-pcie-candidate-rehearsal", "hydra_overrides": ["runner.logger.logger_backends=[wandb]", "runner.logger.project_name=qualia-rlt-d1", "runner.only_eval=false", "env.train.rlt_policy_switch.expert_takeover.enable=false", "env.eval.rlt_policy_switch.expert_takeover.enable=false", "rollout.expert_model=null", "rollout.rlt_feature_model.model_path=/workspace/checkpoints/stage1-step-500-actor", "+rollout.rlt_feature_model.openpi_data.norm_stats_path=/opt/f2-norm-stats/norm_stats.json", "actor.enable_offload=false", "+weight_syncer.patch.transport_device=cpu", "env.eval.use_fixed_reset_state_ids=true", "env.train.total_num_envs=16", "env.train.rollout_epoch=4", "env.eval.total_num_envs=16", "env.eval.rollout_epoch=16", "env.train.max_episode_steps=500", "env.eval.max_episode_steps=500", "env.train.max_steps_per_rollout_epoch=500", "env.eval.max_steps_per_rollout_epoch=500", "env.train.init_params.sim_backend=cpu", "+env.train.init_params.render_backend=pci:0000:00:00.0", "env.eval.init_params.sim_backend=cpu", "+env.eval.init_params.render_backend=pci:0000:00:00.0", "actor.seed=2026", "algorithm.actor_weight_schedule.warmup_bc_weight=5.6", "algorithm.actor_weight_schedule.online_bc_weight=2", "algorithm.actor_weight_schedule.warmup_q_weight=0.05", "algorithm.actor_weight_schedule.online_q_weight=0.45", "runner.resume_dir=null", "runner.max_steps=1", "runner.val_check_interval=-1", "runner.save_interval=1"], "monitor_interval_seconds": 5, "project_start_commit": "8c5abfcd04e8b4a155f82e8b3537169169ef8337", "required_paths": {"modal_adapter_root": {"kind": "directory", "path": "/opt/qualia"}, "norm_stats": {"kind": "file", "path": "/opt/f2-norm-stats/norm_stats.json"}, "rlinf_home": {"kind": "directory", "path": "/opt/RLinf"}, "stage1_checkpoint": {"kind": "directory", "path": "/workspace/checkpoints/stage1-step-500-actor"}}, "rlinf_config": "maniskill_rlt_stage2_ac_mlp", "runtime_environment": {"EMBODIED_PATH": "/opt/RLinf/examples/embodiment", "LP_NUM_THREADS": "1", "OMP_NUM_THREADS": "1", "PYTHONPATH": "/opt/qualia:/opt/RLinf", "PYTORCH_CUDA_ALLOC_CONF": "expandable_segments:True", "QUALIA_MODAL_MP_START_METHOD": "spawn", "QUALIA_MODAL_MULTIPROCESS": "1", "QUALIA_MODAL_RENDER_DEVICE": "pci:0000:00:00.0", "QUALIA_MODAL_THREADS_PER_WORKER": "1", "QUALIA_MODAL_VULKAN_ICD": "/usr/share/vulkan/icd.d/lvp_icd.x86_64.json", "QUALIA_RLT_RESUME_STATE": "1", "VK_ICD_FILENAMES": "/usr/share/vulkan/icd.d/lvp_icd.x86_64.json"}, "runtime_provenance": {"batching_protocol": "project-owned 16-process adapter around unmodified upstream ManiskillRLTEnv", "claim_scope": "bounded F2 runtime rehearsal only; not policy-quality evidence", "cuda_runtime": "12.8", "gpu": "NVIDIA H100 PCIe", "instance_id": "2ce50e8669184f9f9b95566eabb3d7b0", "provider": "Lambda Cloud", "region": "Utah, USA", "render_backend": "Mesa llvmpipe via Vulkan", "runtime_amendment": "user-selected H100 PCIe replacement; valid for F2 engineering rehearsal only until the live result supports or rejects a new matched runtime", "runtime_contract_id": "enpire-h100-pcie-rehearsal-runtime-v1", "simulator_backend": "CPU PhysX, one environment per child process", "torch": "2.8.0+cu128"}, "schema_version": 1, "scientific_values": {"actor_offload": false, "calibration_only": true, "checkpoint_interval_steps": 1, "environment_batching": "16-process", "episode_horizon": 500, "eval_parallel_environments": 16, "eval_rollout_epochs": 16, "expert_takeover": false, "fixed_eval_trajectories": 256, "online_bc_weight": 2, "online_q_weight": 0.45, "render_backend": "llvmpipe", "resume_contract": "native RLinf checkpoint plus strict project-owned RLT schedule counters and replay-generator sidecar", "runner_steps": 1, "sim_backend": "cpu", "train_parallel_environments": 16, "train_rollout_epochs": 4, "train_trajectories_per_step": 64, "upstream_max_updates_per_train_step": 400, "upstream_train_every_transitions": 5, "upstream_warmup_min_size": 10000, "upstream_warmup_post_collect_updates": 30000, "warmup_bc_weight": 5.6, "warmup_q_weight": 0.05, "weight_transport_device": "cpu"}, "stage": "stage2"}, "rlinf_commit_actual": "c90951a0c799a750cb5294ed10587c61cc2af8bf", "rlinf_commit_expected": "c90951a0c799a750cb5294ed10587c61cc2af8bf", "run_cost_usd": 1.7095544736698165, "run_directory": "/workspace/results/d1/f2-h100-pcie-candidate-seed2026-attempt7", "schema_version": 1, "started_at": "2026-09-10T21:38:06+00:00", "status": "complete", "wandb_run_url": null, "working_directory": "/opt/RLinf"}, "run_id": "f2-h100-pcie-candidate-seed2026-attempt7"}, "claim_scope": "H100 PCIe F2 engineering rehearsal only; no policy comparison or promotion", "control": {"checkpoint": {"files": {"actor/dcp_checkpoint/.metadata": 59988, "actor/model_state_dict/full_weights.pt": 8338321, "actor/sac_components/replay_buffer/rank_0/trajectory_index.json": 115556, "actor/sac_components/rlt_schedule_state/rank_0.json": 7898, "actor/sac_components/target_model/checkpoint_rank_0.pt": 8340023}, "path": "/workspace/results/d1/f2-h100-pcie-control-seed2026-attempt7/maniskill_rlt_stage2_ac_mlp/checkpoints/global_step_1", "rlt_schedule_state": {"checkpoint_step": 1, "counters": {"_warmup_ready_total_episodes": null, "_warmup_ready_total_transitions": null, "episodes_since_train": 5, "pending_update_budget": 0, "total_episodes_added": 5, "total_transitions_added": 724, "transitions_since_train": 724, "update_step": 0}, "rank": 0, "replay_generator_state_present": true, "rlinf_commit": "c90951a0c799a750cb5294ed10587c61cc2af8bf", "schedule_fingerprint": "51c07bc2df93800980945e4ab0fa4e99d3ca4b4a69abbda2fb05b6ca4a8bc74c", "schema_version": 1, "world_size": 1}}, "config_path": "/workspace/f2-h100-pcie-generated-configs/control.yaml", "config_sha256": "1f5fd824b91dc11533827b9de51c5dbbd8b6a26d5c6a0d63098b42c56454d3a9", "elapsed_seconds": 1879.0315127369977, "manifest": {"command": ["/opt/RLinf/.venv/bin/python", "/opt/RLinf/examples/embodiment/train_embodied_agent.py", "--config-path", "/opt/RLinf/examples/embodiment/config", "--config-name", "maniskill_rlt_stage2_ac_mlp", "runner.logger.logger_backends=[wandb]", "runner.logger.project_name=qualia-rlt-d1", "runner.only_eval=false", "env.train.rlt_policy_switch.expert_takeover.enable=false", "env.eval.rlt_policy_switch.expert_takeover.enable=false", "rollout.expert_model=null", "rollout.rlt_feature_model.model_path=/workspace/checkpoints/stage1-step-500-actor", "+rollout.rlt_feature_model.openpi_data.norm_stats_path=/opt/f2-norm-stats/norm_stats.json", "actor.enable_offload=false", "+weight_syncer.patch.transport_device=cpu", "env.eval.use_fixed_reset_state_ids=true", "env.train.total_num_envs=16", "env.train.rollout_epoch=4", "env.eval.total_num_envs=16", "env.eval.rollout_epoch=16", "env.train.max_episode_steps=500", "env.eval.max_episode_steps=500", "env.train.max_steps_per_rollout_epoch=500", "env.eval.max_steps_per_rollout_epoch=500", "env.train.init_params.sim_backend=cpu", "+env.train.init_params.render_backend=pci:0000:00:00.0", "env.eval.init_params.sim_backend=cpu", "+env.eval.init_params.render_backend=pci:0000:00:00.0", "actor.seed=2026", "algorithm.actor_weight_schedule.warmup_bc_weight=7", "algorithm.actor_weight_schedule.online_bc_weight=2.5", "algorithm.actor_weight_schedule.warmup_q_weight=0.05", "algorithm.actor_weight_schedule.online_q_weight=0.45", "runner.resume_dir=null", "runner.max_steps=1", "runner.val_check_interval=-1", "runner.save_interval=1", "runner.logger.log_path=/workspace/results/d1/f2-h100-pcie-control-seed2026-attempt7"], "condition": "control", "config_path": "/workspace/f2-h100-pcie-generated-configs/control.yaml", "config_sha256": "1f5fd824b91dc11533827b9de51c5dbbd8b6a26d5c6a0d63098b42c56454d3a9", "created_at": "2026-09-10T21:06:46+00:00", "cumulative_cost_usd": 1.7090911576349912, "elapsed_seconds": 1870.1301302129978, "exit_code": 0, "experiment_id": "d1-f2-h100-pcie-control-rehearsal", "final_cost_usd": 1.7090911528516965, "finished_at": "2026-09-10T21:37:57+00:00", "host": "209-20-157-88", "hourly_price_usd": 3.29, "platform": "Linux-6.8.0-60-generic-x86_64-with-glibc2.35", "project_commit": "d0f9f90433dddd21e91f34c0fb2acc40d3633b25", "project_start_commit": "8c5abfcd04e8b4a155f82e8b3537169169ef8337", "resolved_config": {"budget": {"max_cost_usd": null, "report_thresholds_usd": []}, "condition": "control", "config_path": "examples/embodiment/config", "entrypoint": "examples/embodiment/train_embodied_agent.py", "evaluation": {"executed_during_rehearsal": false, "fixed_reset_state_ids": true, "num_trajectories": 256, "parallel_environments": 16, "primary_metric": "eval/success_once", "rollout_epochs": 16}, "expected_rlinf_commit": "c90951a0c799a750cb5294ed10587c61cc2af8bf", "experiment_id": "d1-f2-h100-pcie-control-rehearsal", "hydra_overrides": ["runner.logger.logger_backends=[wandb]", "runner.logger.project_name=qualia-rlt-d1", "runner.only_eval=false", "env.train.rlt_policy_switch.expert_takeover.enable=false", "env.eval.rlt_policy_switch.expert_takeover.enable=false", "rollout.expert_model=null", "rollout.rlt_feature_model.model_path=/workspace/checkpoints/stage1-step-500-actor", "+rollout.rlt_feature_model.openpi_data.norm_stats_path=/opt/f2-norm-stats/norm_stats.json", "actor.enable_offload=false", "+weight_syncer.patch.transport_device=cpu", "env.eval.use_fixed_reset_state_ids=true", "env.train.total_num_envs=16", "env.train.rollout_epoch=4", "env.eval.total_num_envs=16", "env.eval.rollout_epoch=16", "env.train.max_episode_steps=500", "env.eval.max_episode_steps=500", "env.train.max_steps_per_rollout_epoch=500", "env.eval.max_steps_per_rollout_epoch=500", "env.train.init_params.sim_backend=cpu", "+env.train.init_params.render_backend=pci:0000:00:00.0", "env.eval.init_params.sim_backend=cpu", "+env.eval.init_params.render_backend=pci:0000:00:00.0", "actor.seed=2026", "algorithm.actor_weight_schedule.warmup_bc_weight=7", "algorithm.actor_weight_schedule.online_bc_weight=2.5", "algorithm.actor_weight_schedule.warmup_q_weight=0.05", "algorithm.actor_weight_schedule.online_q_weight=0.45", "runner.resume_dir=null", "runner.max_steps=1", "runner.val_check_interval=-1", "runner.save_interval=1"], "monitor_interval_seconds": 5, "project_start_commit": "8c5abfcd04e8b4a155f82e8b3537169169ef8337", "required_paths": {"modal_adapter_root": {"kind": "directory", "path": "/opt/qualia"}, "norm_stats": {"kind": "file", "path": "/opt/f2-norm-stats/norm_stats.json"}, "rlinf_home": {"kind": "directory", "path": "/opt/RLinf"}, "stage1_checkpoint": {"kind": "directory", "path": "/workspace/checkpoints/stage1-step-500-actor"}}, "rlinf_config": "maniskill_rlt_stage2_ac_mlp", "runtime_environment": {"EMBODIED_PATH": "/opt/RLinf/examples/embodiment", "LP_NUM_THREADS": "1", "OMP_NUM_THREADS": "1", "PYTHONPATH": "/opt/qualia:/opt/RLinf", "PYTORCH_CUDA_ALLOC_CONF": "expandable_segments:True", "QUALIA_MODAL_MP_START_METHOD": "spawn", "QUALIA_MODAL_MULTIPROCESS": "1", "QUALIA_MODAL_RENDER_DEVICE": "pci:0000:00:00.0", "QUALIA_MODAL_THREADS_PER_WORKER": "1", "QUALIA_MODAL_VULKAN_ICD": "/usr/share/vulkan/icd.d/lvp_icd.x86_64.json", "QUALIA_RLT_RESUME_STATE": "1", "VK_ICD_FILENAMES": "/usr/share/vulkan/icd.d/lvp_icd.x86_64.json"}, "runtime_provenance": {"batching_protocol": "project-owned 16-process adapter around unmodified upstream ManiskillRLTEnv", "claim_scope": "bounded F2 runtime rehearsal only; not policy-quality evidence", "cuda_runtime": "12.8", "gpu": "NVIDIA H100 PCIe", "instance_id": "2ce50e8669184f9f9b95566eabb3d7b0", "provider": "Lambda Cloud", "region": "Utah, USA", "render_backend": "Mesa llvmpipe via Vulkan", "runtime_amendment": "user-selected H100 PCIe replacement; valid for F2 engineering rehearsal only until the live result supports or rejects a new matched runtime", "runtime_contract_id": "enpire-h100-pcie-rehearsal-runtime-v1", "simulator_backend": "CPU PhysX, one environment per child process", "torch": "2.8.0+cu128"}, "schema_version": 1, "scientific_values": {"actor_offload": false, "calibration_only": true, "checkpoint_interval_steps": 1, "environment_batching": "16-process", "episode_horizon": 500, "eval_parallel_environments": 16, "eval_rollout_epochs": 16, "expert_takeover": false, "fixed_eval_trajectories": 256, "online_bc_weight": 2.5, "online_q_weight": 0.45, "render_backend": "llvmpipe", "resume_contract": "native RLinf checkpoint plus strict project-owned RLT schedule counters and replay-generator sidecar", "runner_steps": 1, "sim_backend": "cpu", "train_parallel_environments": 16, "train_rollout_epochs": 4, "train_trajectories_per_step": 64, "upstream_max_updates_per_train_step": 400, "upstream_train_every_transitions": 5, "upstream_warmup_min_size": 10000, "upstream_warmup_post_collect_updates": 30000, "warmup_bc_weight": 7, "warmup_q_weight": 0.05, "weight_transport_device": "cpu"}, "stage": "stage2"}, "rlinf_commit_actual": "c90951a0c799a750cb5294ed10587c61cc2af8bf", "rlinf_commit_expected": "c90951a0c799a750cb5294ed10587c61cc2af8bf", "run_cost_usd": 1.7090911528516965, "run_directory": "/workspace/results/d1/f2-h100-pcie-control-seed2026-attempt7", "schema_version": 1, "started_at": "2026-09-10T21:06:47+00:00", "status": "complete", "wandb_run_url": null, "working_directory": "/opt/RLinf"}, "run_id": "f2-h100-pcie-control-seed2026-attempt7"}, "elapsed_seconds": 4057.703852423001, "in_container_elapsed_cost_usd": 3.7082904651310202, "inputs": {"actor_sha256": "b5bf9384d7e2da674125fb04b26ed8a391bdb0a0a85cf16c71fd02424ee363f3", "actor_size_bytes": 10015912759, "norm_stats_sha256": "d5d6a96be65d2066b6dc0fd547e2eeb25473ea32558e819bbddd78f811aadfbd", "observed_runtime": {"cuda": "12.8", "cuda_probe": 4.0, "gpu": "NVIDIA H100 PCIe", "gpu_memory_bytes": 85028896768, "maniskill": "3.0.0b22", "python": "3.11.14", "sapien": "3.0.1", "torch": "2.8.0+cu128"}, "rlinf_commit": "c90951a0c799a750cb5294ed10587c61cc2af8bf", "runtime_contract_id": "enpire-h100-pcie-rehearsal-runtime-v1", "vulkan": "Mesa llvmpipe"}, "instance_price_usd_per_hour": 3.29, "resume": {"checks": {"continuation_metric_starts_one": true, "continuation_online": true, "continued_update_counter": true, "replay_rng_present": true, "restore_marker_present": true, "schedule_fingerprint_equal": true, "source_metric_starts_zero": true, "source_update_counter": true, "source_warmup": true, "transitions_non_regressing": true}, "continuation_checkpoint": {"files": {"actor/dcp_checkpoint/.metadata": 60000, "actor/model_state_dict/full_weights.pt": 8338321, "actor/sac_components/replay_buffer/rank_0/trajectory_index.json": 354, "actor/sac_components/rlt_schedule_state/rank_0.json": 7870, "actor/sac_components/target_model/checkpoint_rank_0.pt": 8340023}, "path": "/workspace/results/d1/f2-h100-pcie-resume-continuation-seed2026-attempt7/maniskill_rlt_stage2_ac_mlp/checkpoints/global_step_2", "rlt_schedule_state": {"checkpoint_step": 2, "counters": {"_warmup_ready_total_episodes": 1, "_warmup_ready_total_transitions": 1, "episodes_since_train": 0, "pending_update_budget": 0, "total_episodes_added": 2, "total_transitions_added": 2, "transitions_since_train": 0, "update_step": 2}, "rank": 0, "replay_generator_state_present": true, "rlinf_commit": "c90951a0c799a750cb5294ed10587c61cc2af8bf", "schedule_fingerprint": "dff74668a66b695a0e63c4d5a919b772fa88556b9287ca7978695eb982a91600", "schema_version": 1, "world_size": 1}}, "continuation_run": {"config_path": "/workspace/f2-h100-pcie-generated-configs/resume.yaml", "config_sha256": "5a68e95c21cf5f7f1937709aba99b65f15bed7bfd6e4b216ed9de0a5f856b299", "elapsed_seconds": 129.8044905679999, "manifest": {"command": ["/opt/RLinf/.venv/bin/python", "/opt/RLinf/examples/embodiment/train_embodied_agent.py", "--config-path", "/opt/RLinf/examples/embodiment/config", "--config-name", "maniskill_rlt_stage2_ac_mlp", "runner.logger.logger_backends=[wandb]", "runner.logger.project_name=qualia-rlt-d1", "runner.only_eval=false", "env.train.rlt_policy_switch.expert_takeover.enable=false", "env.train.rlt_policy_switch.task_mode=critical_phase", "env.train.rlt_policy_switch.trigger_mode=always_on", "env.eval.rlt_policy_switch.expert_takeover.enable=false", "rollout.expert_model=null", "rollout.rlt_feature_model.model_path=/workspace/checkpoints/stage1-step-500-actor", "+rollout.rlt_feature_model.openpi_data.norm_stats_path=/opt/f2-norm-stats/norm_stats.json", "actor.enable_offload=false", "actor.micro_batch_size=1", "actor.global_batch_size=1", "+weight_syncer.patch.transport_device=cpu", "env.eval.use_fixed_reset_state_ids=true", "env.train.total_num_envs=1", "env.train.rollout_epoch=1", "env.eval.total_num_envs=1", "env.eval.rollout_epoch=1", "env.train.max_episode_steps=20", "env.eval.max_episode_steps=20", "env.train.max_steps_per_rollout_epoch=20", "env.eval.max_steps_per_rollout_epoch=20", "env.train.init_params.sim_backend=cpu", "+env.train.init_params.render_backend=pci:0000:00:00.0", "env.eval.init_params.sim_backend=cpu", "+env.eval.init_params.render_backend=pci:0000:00:00.0", "actor.seed=2026", "algorithm.replay_buffer.min_buffer_size=1", "algorithm.update_epoch=1", "algorithm.critic_actor_ratio=1", "algorithm.rlt_schedule.warmup_min_size=1", "algorithm.rlt_schedule.warmup_post_collect_updates=1", "algorithm.rlt_schedule.train_every_transitions=1", "algorithm.rlt_schedule.max_updates_per_train_step=1", "algorithm.actor_weight_schedule.warmup_updates=1", "algorithm.actor_weight_schedule.ramp_updates=0", "algorithm.actor_weight_schedule.warmup_bc_weight=5.6", "algorithm.actor_weight_schedule.online_bc_weight=2", "algorithm.actor_weight_schedule.warmup_q_weight=0.05", "algorithm.actor_weight_schedule.online_q_weight=0.45", "runner.resume_dir=/workspace/results/d1/f2-h100-pcie-resume-source-seed2026-attempt7/maniskill_rlt_stage2_ac_mlp/checkpoints/global_step_1", "runner.max_steps=2", "runner.val_check_interval=-1", "runner.save_interval=2", "runner.logger.log_path=/workspace/results/d1/f2-h100-pcie-resume-continuation-seed2026-attempt7"], "condition": "smoke", "config_path": "/workspace/f2-h100-pcie-generated-configs/resume.yaml", "config_sha256": "5a68e95c21cf5f7f1937709aba99b65f15bed7bfd6e4b216ed9de0a5f856b299", "created_at": "2026-09-10T22:11:40+00:00", "cumulative_cost_usd": 3.6444712010240146, "elapsed_seconds": 121.02742707200014, "exit_code": 0, "experiment_id": "d1-f2-h100-pcie-schedule-resume-gate", "final_cost_usd": 0.11060562732224577, "finished_at": "2026-09-10T22:13:41+00:00", "host": "209-20-157-88", "hourly_price_usd": 3.29, "platform": "Linux-6.8.0-60-generic-x86_64-with-glibc2.35", "project_commit": "d0f9f90433dddd21e91f34c0fb2acc40d3633b25", "project_start_commit": "8c5abfcd04e8b4a155f82e8b3537169169ef8337", "resolved_config": {"budget": {"max_cost_usd": null, "report_thresholds_usd": [310, 315, 320, 325, 330, 335, 340]}, "condition": "smoke", "config_path": "examples/embodiment/config", "entrypoint": "examples/embodiment/train_embodied_agent.py", "evaluation": {"executed_during_calibration": false, "fixed_reset_state_ids": true, "num_trajectories": 1, "parallel_environments": 1, "primary_metric": "eval/success_once", "rollout_epochs": 1}, "expected_rlinf_commit": "c90951a0c799a750cb5294ed10587c61cc2af8bf", "experiment_id": "d1-f2-h100-pcie-schedule-resume-gate", "hydra_overrides": ["runner.logger.logger_backends=[wandb]", "runner.logger.project_name=qualia-rlt-d1", "runner.only_eval=false", "env.train.rlt_policy_switch.expert_takeover.enable=false", "env.train.rlt_policy_switch.task_mode=critical_phase", "env.train.rlt_policy_switch.trigger_mode=always_on", "env.eval.rlt_policy_switch.expert_takeover.enable=false", "rollout.expert_model=null", "rollout.rlt_feature_model.model_path=/workspace/checkpoints/stage1-step-500-actor", "+rollout.rlt_feature_model.openpi_data.norm_stats_path=/opt/f2-norm-stats/norm_stats.json", "actor.enable_offload=false", "actor.micro_batch_size=1", "actor.global_batch_size=1", "+weight_syncer.patch.transport_device=cpu", "env.eval.use_fixed_reset_state_ids=true", "env.train.total_num_envs=1", "env.train.rollout_epoch=1", "env.eval.total_num_envs=1", "env.eval.rollout_epoch=1", "env.train.max_episode_steps=20", "env.eval.max_episode_steps=20", "env.train.max_steps_per_rollout_epoch=20", "env.eval.max_steps_per_rollout_epoch=20", "env.train.init_params.sim_backend=cpu", "+env.train.init_params.render_backend=pci:0000:00:00.0", "env.eval.init_params.sim_backend=cpu", "+env.eval.init_params.render_backend=pci:0000:00:00.0", "actor.seed=2026", "algorithm.replay_buffer.min_buffer_size=1", "algorithm.update_epoch=1", "algorithm.critic_actor_ratio=1", "algorithm.rlt_schedule.warmup_min_size=1", "algorithm.rlt_schedule.warmup_post_collect_updates=1", "algorithm.rlt_schedule.train_every_transitions=1", "algorithm.rlt_schedule.max_updates_per_train_step=1", "algorithm.actor_weight_schedule.warmup_updates=1", "algorithm.actor_weight_schedule.ramp_updates=0", "algorithm.actor_weight_schedule.warmup_bc_weight=5.6", "algorithm.actor_weight_schedule.online_bc_weight=2", "algorithm.actor_weight_schedule.warmup_q_weight=0.05", "algorithm.actor_weight_schedule.online_q_weight=0.45", "runner.resume_dir=/workspace/results/d1/f2-h100-pcie-resume-source-seed2026-attempt7/maniskill_rlt_stage2_ac_mlp/checkpoints/global_step_1", "runner.max_steps=2", "runner.val_check_interval=-1", "runner.save_interval=2"], "monitor_interval_seconds": 5, "project_start_commit": "8c5abfcd04e8b4a155f82e8b3537169169ef8337", "required_paths": {"modal_adapter_root": {"kind": "directory", "path": "/opt/qualia"}, "norm_stats": {"kind": "file", "path": "/opt/f2-norm-stats/norm_stats.json"}, "rlinf_home": {"kind": "directory", "path": "/opt/RLinf"}, "stage1_checkpoint": {"kind": "directory", "path": "/workspace/checkpoints/stage1-step-500-actor"}}, "rlinf_config": "maniskill_rlt_stage2_ac_mlp", "runtime_environment": {"EMBODIED_PATH": "/opt/RLinf/examples/embodiment", "LP_NUM_THREADS": "1", "OMP_NUM_THREADS": "1", "PYTHONPATH": "/opt/qualia:/opt/RLinf", "PYTORCH_CUDA_ALLOC_CONF": "expandable_segments:True", "QUALIA_MODAL_MP_START_METHOD": "spawn", "QUALIA_MODAL_MULTIPROCESS": "1", "QUALIA_MODAL_RENDER_DEVICE": "pci:0000:00:00.0", "QUALIA_MODAL_VULKAN_ICD": "/usr/share/vulkan/icd.d/lvp_icd.x86_64.json", "QUALIA_RLT_RESUME_STATE": "1", "VK_ICD_FILENAMES": "/usr/share/vulkan/icd.d/lvp_icd.x86_64.json"}, "runtime_provenance": {"batching_protocol": "project-owned process adapter around unmodified upstream ManiskillRLTEnv", "candidate_cuda_runtime": "12.8", "candidate_gpu": "NVIDIA H100 PCIe", "candidate_torch": "2.8.0+cu128", "comparison_limitation": "schedule-resume integration gate on the user-selected H100 PCIe; not a scientific condition result", "instance_id": "2ce50e8669184f9f9b95566eabb3d7b0", "provider": "Lambda Cloud", "region": "Utah, USA", "render_backend": "Mesa llvmpipe via Vulkan", "runtime_contract_id": "enpire-h100-pcie-rehearsal-runtime-v1", "simulator_backend": "cpu PhysX, one environment in one child process"}, "schema_version": 1, "scientific_values": {"actor_offload": false, "actor_weight_ramp_updates": 0, "actor_weight_warmup_updates": 1, "calibration_only": true, "checkpoint_interval_steps": "2", "environment_batching": "1-process", "episode_horizon": 20, "eval_parallel_environments": 1, "eval_rollout_epochs": 1, "expert_takeover": false, "fixed_eval_trajectories": 1, "max_updates_per_train_step": 1, "online_bc_weight": 2, "online_q_weight": 0.45, "render_backend": "llvmpipe", "resume_contract": "native RLinf state plus strict project-owned RLT schedule sidecar", "runner_steps": "2", "sim_backend": "cpu", "train_every_transitions": 1, "train_parallel_environments": 1, "train_rollout_epochs": 1, "train_trajectories_per_step": 1, "warmup_bc_weight": 5.6, "warmup_min_size": 1, "warmup_post_collect_updates": 1, "warmup_q_weight": 0.05, "weight_transport_device": "cpu"}, "stage": "stage2"}, "rlinf_commit_actual": "c90951a0c799a750cb5294ed10587c61cc2af8bf", "rlinf_commit_expected": "c90951a0c799a750cb5294ed10587c61cc2af8bf", "run_cost_usd": 0.11060562732224577, "run_directory": "/workspace/results/d1/f2-h100-pcie-resume-continuation-seed2026-attempt7", "schema_version": 1, "started_at": "2026-09-10T22:11:40+00:00", "status": "complete", "wandb_run_url": null, "working_directory": "/opt/RLinf"}, "run_id": "f2-h100-pcie-resume-continuation-seed2026-attempt7"}, "known_limit": "simulator state is not claimed bitwise-identical across processes", "source_checkpoint": {"files": {"actor/dcp_checkpoint/.metadata": 59994, "actor/model_state_dict/full_weights.pt": 8338321, "actor/sac_components/replay_buffer/rank_0/trajectory_index.json": 200, "actor/sac_components/rlt_schedule_state/rank_0.json": 7870, "actor/sac_components/target_model/checkpoint_rank_0.pt": 8340023}, "path": "/workspace/results/d1/f2-h100-pcie-resume-source-seed2026-attempt7/maniskill_rlt_stage2_ac_mlp/checkpoints/global_step_1", "rlt_schedule_state": {"checkpoint_step": 1, "counters": {"_warmup_ready_total_episodes": 1, "_warmup_ready_total_transitions": 1, "episodes_since_train": 0, "pending_update_budget": 0, "total_episodes_added": 1, "total_transitions_added": 1, "transitions_since_train": 0, "update_step": 1}, "rank": 0, "replay_generator_state_present": true, "rlinf_commit": "c90951a0c799a750cb5294ed10587c61cc2af8bf", "schedule_fingerprint": "dff74668a66b695a0e63c4d5a919b772fa88556b9287ca7978695eb982a91600", "schema_version": 1, "world_size": 1}}, "source_run": {"config_path": "/workspace/f2-h100-pcie-generated-configs/resume.yaml", "config_sha256": "5a68e95c21cf5f7f1937709aba99b65f15bed7bfd6e4b216ed9de0a5f856b299", "elapsed_seconds": 135.09017602600215, "manifest": {"command": ["/opt/RLinf/.venv/bin/python", "/opt/RLinf/examples/embodiment/train_embodied_agent.py", "--config-path", "/opt/RLinf/examples/embodiment/config", "--config-name", "maniskill_rlt_stage2_ac_mlp", "runner.logger.logger_backends=[wandb]", "runner.logger.project_name=qualia-rlt-d1", "runner.only_eval=false", "env.train.rlt_policy_switch.expert_takeover.enable=false", "env.train.rlt_policy_switch.task_mode=critical_phase", "env.train.rlt_policy_switch.trigger_mode=always_on", "env.eval.rlt_policy_switch.expert_takeover.enable=false", "rollout.expert_model=null", "rollout.rlt_feature_model.model_path=/workspace/checkpoints/stage1-step-500-actor", "+rollout.rlt_feature_model.openpi_data.norm_stats_path=/opt/f2-norm-stats/norm_stats.json", "actor.enable_offload=false", "actor.micro_batch_size=1", "actor.global_batch_size=1", "+weight_syncer.patch.transport_device=cpu", "env.eval.use_fixed_reset_state_ids=true", "env.train.total_num_envs=1", "env.train.rollout_epoch=1", "env.eval.total_num_envs=1", "env.eval.rollout_epoch=1", "env.train.max_episode_steps=20", "env.eval.max_episode_steps=20", "env.train.max_steps_per_rollout_epoch=20", "env.eval.max_steps_per_rollout_epoch=20", "env.train.init_params.sim_backend=cpu", "+env.train.init_params.render_backend=pci:0000:00:00.0", "env.eval.init_params.sim_backend=cpu", "+env.eval.init_params.render_backend=pci:0000:00:00.0", "actor.seed=2026", "algorithm.replay_buffer.min_buffer_size=1", "algorithm.update_epoch=1", "algorithm.critic_actor_ratio=1", "algorithm.rlt_schedule.warmup_min_size=1", "algorithm.rlt_schedule.warmup_post_collect_updates=1", "algorithm.rlt_schedule.train_every_transitions=1", "algorithm.rlt_schedule.max_updates_per_train_step=1", "algorithm.actor_weight_schedule.warmup_updates=1", "algorithm.actor_weight_schedule.ramp_updates=0", "algorithm.actor_weight_schedule.warmup_bc_weight=5.6", "algorithm.actor_weight_schedule.online_bc_weight=2", "algorithm.actor_weight_schedule.warmup_q_weight=0.05", "algorithm.actor_weight_schedule.online_q_weight=0.45", "runner.resume_dir=null", "runner.max_steps=1", "runner.val_check_interval=-1", "runner.save_interval=1", "runner.logger.log_path=/workspace/results/d1/f2-h100-pcie-resume-source-seed2026-attempt7"], "condition": "smoke", "config_path": "/workspace/f2-h100-pcie-generated-configs/resume.yaml", "config_sha256": "5a68e95c21cf5f7f1937709aba99b65f15bed7bfd6e4b216ed9de0a5f856b299", "created_at": "2026-09-10T22:09:25+00:00", "cumulative_cost_usd": 3.533865573374597, "elapsed_seconds": 126.07652667900038, "exit_code": 0, "experiment_id": "d1-f2-h100-pcie-schedule-resume-gate", "final_cost_usd": 0.11521994240153255, "finished_at": "2026-09-10T22:11:31+00:00", "host": "209-20-157-88", "hourly_price_usd": 3.29, "platform": "Linux-6.8.0-60-generic-x86_64-with-glibc2.35", "project_commit": "d0f9f90433dddd21e91f34c0fb2acc40d3633b25", "project_start_commit": "8c5abfcd04e8b4a155f82e8b3537169169ef8337", "resolved_config": {"budget": {"max_cost_usd": null, "report_thresholds_usd": [310, 315, 320, 325, 330, 335, 340]}, "condition": "smoke", "config_path": "examples/embodiment/config", "entrypoint": "examples/embodiment/train_embodied_agent.py", "evaluation": {"executed_during_calibration": false, "fixed_reset_state_ids": true, "num_trajectories": 1, "parallel_environments": 1, "primary_metric": "eval/success_once", "rollout_epochs": 1}, "expected_rlinf_commit": "c90951a0c799a750cb5294ed10587c61cc2af8bf", "experiment_id": "d1-f2-h100-pcie-schedule-resume-gate", "hydra_overrides": ["runner.logger.logger_backends=[wandb]", "runner.logger.project_name=qualia-rlt-d1", "runner.only_eval=false", "env.train.rlt_policy_switch.expert_takeover.enable=false", "env.train.rlt_policy_switch.task_mode=critical_phase", "env.train.rlt_policy_switch.trigger_mode=always_on", "env.eval.rlt_policy_switch.expert_takeover.enable=false", "rollout.expert_model=null", "rollout.rlt_feature_model.model_path=/workspace/checkpoints/stage1-step-500-actor", "+rollout.rlt_feature_model.openpi_data.norm_stats_path=/opt/f2-norm-stats/norm_stats.json", "actor.enable_offload=false", "actor.micro_batch_size=1", "actor.global_batch_size=1", "+weight_syncer.patch.transport_device=cpu", "env.eval.use_fixed_reset_state_ids=true", "env.train.total_num_envs=1", "env.train.rollout_epoch=1", "env.eval.total_num_envs=1", "env.eval.rollout_epoch=1", "env.train.max_episode_steps=20", "env.eval.max_episode_steps=20", "env.train.max_steps_per_rollout_epoch=20", "env.eval.max_steps_per_rollout_epoch=20", "env.train.init_params.sim_backend=cpu", "+env.train.init_params.render_backend=pci:0000:00:00.0", "env.eval.init_params.sim_backend=cpu", "+env.eval.init_params.render_backend=pci:0000:00:00.0", "actor.seed=2026", "algorithm.replay_buffer.min_buffer_size=1", "algorithm.update_epoch=1", "algorithm.critic_actor_ratio=1", "algorithm.rlt_schedule.warmup_min_size=1", "algorithm.rlt_schedule.warmup_post_collect_updates=1", "algorithm.rlt_schedule.train_every_transitions=1", "algorithm.rlt_schedule.max_updates_per_train_step=1", "algorithm.actor_weight_schedule.warmup_updates=1", "algorithm.actor_weight_schedule.ramp_updates=0", "algorithm.actor_weight_schedule.warmup_bc_weight=5.6", "algorithm.actor_weight_schedule.online_bc_weight=2", "algorithm.actor_weight_schedule.warmup_q_weight=0.05", "algorithm.actor_weight_schedule.online_q_weight=0.45", "runner.resume_dir=null", "runner.max_steps=1", "runner.val_check_interval=-1", "runner.save_interval=1"], "monitor_interval_seconds": 5, "project_start_commit": "8c5abfcd04e8b4a155f82e8b3537169169ef8337", "required_paths": {"modal_adapter_root": {"kind": "directory", "path": "/opt/qualia"}, "norm_stats": {"kind": "file", "path": "/opt/f2-norm-stats/norm_stats.json"}, "rlinf_home": {"kind": "directory", "path": "/opt/RLinf"}, "stage1_checkpoint": {"kind": "directory", "path": "/workspace/checkpoints/stage1-step-500-actor"}}, "rlinf_config": "maniskill_rlt_stage2_ac_mlp", "runtime_environment": {"EMBODIED_PATH": "/opt/RLinf/examples/embodiment", "LP_NUM_THREADS": "1", "OMP_NUM_THREADS": "1", "PYTHONPATH": "/opt/qualia:/opt/RLinf", "PYTORCH_CUDA_ALLOC_CONF": "expandable_segments:True", "QUALIA_MODAL_MP_START_METHOD": "spawn", "QUALIA_MODAL_MULTIPROCESS": "1", "QUALIA_MODAL_RENDER_DEVICE": "pci:0000:00:00.0", "QUALIA_MODAL_VULKAN_ICD": "/usr/share/vulkan/icd.d/lvp_icd.x86_64.json", "QUALIA_RLT_RESUME_STATE": "1", "VK_ICD_FILENAMES": "/usr/share/vulkan/icd.d/lvp_icd.x86_64.json"}, "runtime_provenance": {"batching_protocol": "project-owned process adapter around unmodified upstream ManiskillRLTEnv", "candidate_cuda_runtime": "12.8", "candidate_gpu": "NVIDIA H100 PCIe", "candidate_torch": "2.8.0+cu128", "comparison_limitation": "schedule-resume integration gate on the user-selected H100 PCIe; not a scientific condition result", "instance_id": "2ce50e8669184f9f9b95566eabb3d7b0", "provider": "Lambda Cloud", "region": "Utah, USA", "render_backend": "Mesa llvmpipe via Vulkan", "runtime_contract_id": "enpire-h100-pcie-rehearsal-runtime-v1", "simulator_backend": "cpu PhysX, one environment in one child process"}, "schema_version": 1, "scientific_values": {"actor_offload": false, "actor_weight_ramp_updates": 0, "actor_weight_warmup_updates": 1, "calibration_only": true, "checkpoint_interval_steps": "1", "environment_batching": "1-process", "episode_horizon": 20, "eval_parallel_environments": 1, "eval_rollout_epochs": 1, "expert_takeover": false, "fixed_eval_trajectories": 1, "max_updates_per_train_step": 1, "online_bc_weight": 2, "online_q_weight": 0.45, "render_backend": "llvmpipe", "resume_contract": "native RLinf state plus strict project-owned RLT schedule sidecar", "runner_steps": "1", "sim_backend": "cpu", "train_every_transitions": 1, "train_parallel_environments": 1, "train_rollout_epochs": 1, "train_trajectories_per_step": 1, "warmup_bc_weight": 5.6, "warmup_min_size": 1, "warmup_post_collect_updates": 1, "warmup_q_weight": 0.05, "weight_transport_device": "cpu"}, "stage": "stage2"}, "rlinf_commit_actual": "c90951a0c799a750cb5294ed10587c61cc2af8bf", "rlinf_commit_expected": "c90951a0c799a750cb5294ed10587c61cc2af8bf", "run_cost_usd": 0.11521994240153255, "run_directory": "/workspace/results/d1/f2-h100-pcie-resume-source-seed2026-attempt7", "schema_version": 1, "started_at": "2026-09-10T22:09:25+00:00", "status": "complete", "wandb_run_url": null, "working_directory": "/opt/RLinf"}, "run_id": "f2-h100-pcie-resume-source-seed2026-attempt7"}}, "schema_version": 1, "scientific_diff": {"online_bc_weight": [2.5, 2], "warmup_bc_weight": [7, 5.6]}, "segmentation_decision_basis": "allow only identical predeclared step-boundary segmentation with native checkpoint plus strict sidecar; simulator state is not bitwise continuous", "status": "pass"}
